id,time,action,Ingress/DC,SFC,n_VNFs,TTL,remain,load,util,acceptance,power,P_per_sfc,active_server
1,1,create,7,1,14,5,5,1.4,0.0,0.0,0,0.0,0
2,1,create,10,2,19,174,174,3.3,0.0,0.0,0,0.0,0
3,1,deploy,2,1,14,5,5,3.3,1.4,100.0,4132.3,4132.3,14
4,1,deploy,2,2,19,174,174,3.3,3.3,100.0,9053.5,4526.8,32
5,3,create,5,3,19,13,13,5.2,3.3,100.0,9053.5,4526.8,32
6,3,deploy,2,3,19,13,13,5.2,5.2,100.0,13015.3,4338.4,47
7,4,create,9,4,11,57,57,6.3,5.2,100.0,13015.3,4338.4,47
8,4,deploy,2,4,11,57,57,6.3,6.3,100.0,15552.4,3888.1,57
9,5,create,7,5,15,101,101,7.8,6.3,100.0,15552.4,3888.1,57
10,5,create,9,6,16,10,10,9.4,6.3,100.0,15552.4,3888.1,57
11,5,deploy,2,5,15,101,101,9.4,7.8,100.0,18858.5,3771.7,70
12,5,deploy,2,6,16,10,10,9.4,9.4,100.0,21285.5,3547.6,79
13,6,create,10,7,18,25,25,11.2,9.4,100.0,21285.5,3547.6,79
14,6,remove,2,1,14,5,0,9.8,8.0,100.0,18021.7,3604.3,68
15,6,deploy,2,7,18,25,25,9.8,9.8,100.0,21005.1,3500.8,79
16,7,create,5,8,11,8,8,10.9,9.8,100.0,21005.1,3500.8,79
17,7,create,9,9,11,22,22,12.0,9.8,100.0,21005.1,3500.8,79
18,7,create,10,10,14,5,5,13.4,9.8,100.0,21005.1,3500.8,79
19,7,deploy,2,8,11,8,8,13.4,10.9,100.0,23247.8,3321.1,88
20,7,deploy,2,9,11,22,22,13.4,12.0,100.0,24874.7,3109.3,94
21,7,deploy,2,10,14,5,5,13.4,13.4,100.0,27285.7,3031.7,103
22,8,create,10,11,13,109,109,14.7,13.4,100.0,27285.7,3031.7,103
23,8,deploy,2,11,13,109,109,14.7,14.7,100.0,29294.5,2929.4,111
24,9,create,5,12,17,57,57,16.4,14.7,100.0,29294.5,2929.4,111
25,9,create,9,13,11,78,78,17.5,14.7,100.0,29294.5,2929.4,111
26,9,deploy,2,12,17,57,57,17.5,16.4,100.0,31086.6,2826.1,117
27,9,deploy,2,13,11,78,78,17.5,17.5,100.0,32057.0,2671.4,120
28,11,create,5,14,20,94,94,19.5,17.5,100.0,32057.0,2671.4,120
29,11,create,9,15,13,48,48,20.8,17.5,100.0,32057.0,2671.4,120
30,11,deploy,2,14,20,94,94,20.8,19.5,100.0,34548.4,2657.6,129
31,11,deploy,2,15,13,48,48,20.8,20.8,100.0,36392.7,2599.5,136
32,12,remove,2,10,14,5,0,19.4,19.4,100.0,34506.4,2654.3,130
33,12,create,10,16,12,45,45,20.6,19.4,100.0,34506.4,2654.3,130
34,12,create,9,17,17,2,2,22.3,19.4,100.0,34506.4,2654.3,130
35,12,deploy,2,16,12,45,45,22.3,20.6,100.0,36323.1,2594.5,137
36,12,deploy,2,17,17,2,2,22.3,22.3,100.0,38572.8,2571.5,145
37,13,create,7,18,12,62,62,23.5,22.3,100.0,38572.8,2571.5,145
38,13,create,9,19,17,100,100,25.2,22.3,100.0,38572.8,2571.5,145
39,13,deploy,2,18,12,62,62,25.2,23.5,100.0,40477.2,2529.8,152
40,13,deploy,2,19,17,100,100,25.2,25.2,100.0,42432.2,2496.0,159
41,14,create,10,20,10,53,53,26.2,25.2,100.0,42432.2,2496.0,159
42,14,remove,2,17,17,2,0,24.5,23.5,100.0,40255.0,2515.9,152
43,14,create,7,21,16,7,7,26.1,23.5,100.0,40255.0,2515.9,152
44,14,create,9,22,20,61,61,28.1,23.5,100.0,40255.0,2515.9,152
45,14,deploy,2,20,10,53,53,28.1,24.5,100.0,41445.8,2438.0,156
46,14,deploy,2,21,16,7,7,28.1,26.1,100.0,43825.1,2434.7,165
47,14,deploy,2,22,20,61,61,28.1,28.1,100.0,45865.7,2414.0,172
48,15,remove,2,6,16,10,0,26.5,26.5,100.0,44763.8,2486.9,169
49,15,remove,2,8,11,8,0,25.4,25.4,100.0,43503.5,2559.0,165
50,15,create,9,23,20,1,1,27.4,25.4,100.0,43503.5,2559.0,165
51,15,deploy,2,23,20,1,1,27.4,27.4,100.0,44926.2,2495.9,169
52,16,remove,2,3,19,13,0,25.5,25.5,100.0,42824.9,2519.1,162
53,16,remove,2,23,20,1,0,23.5,23.5,100.0,41315.7,2582.2,158
54,17,create,10,24,11,175,175,24.6,23.5,100.0,41315.7,2582.2,158
55,17,deploy,2,24,11,175,175,24.6,24.6,100.0,42943.2,2526.1,164
56,18,create,5,25,18,16,16,26.4,24.6,100.0,42943.2,2526.1,164
57,18,create,7,26,14,100,100,27.8,24.6,100.0,42943.2,2526.1,164
58,18,create,9,27,16,71,71,29.4,24.6,100.0,42943.2,2526.1,164
59,18,create,10,28,19,5,5,31.3,24.6,100.0,42943.2,2526.1,164
60,18,deploy,2,25,18,16,16,31.3,26.4,100.0,45216.3,2512.0,172
61,18,deploy,2,26,14,100,100,31.3,27.8,100.0,46721.6,2459.0,177
62,18,deploy,2,27,16,71,71,31.3,29.4,100.0,48398.4,2419.9,183
63,18,deploy,2,28,19,5,5,31.3,31.3,100.0,50204.2,2390.7,189
64,19,create,5,29,16,87,87,32.9,31.3,100.0,50204.2,2390.7,189
65,19,create,7,30,18,24,24,34.7,31.3,100.0,50204.2,2390.7,189
66,19,create,9,31,15,89,89,36.2,31.3,100.0,50204.2,2390.7,189
67,19,create,10,32,17,8,8,37.9,31.3,100.0,50204.2,2390.7,189
68,19,deploy,2,29,16,87,87,37.9,32.9,100.0,51264.4,2330.2,192
69,19,deploy,2,30,18,24,24,37.9,34.7,100.0,52178.7,2268.6,194
70,19,deploy,2,31,15,89,89,37.9,36.2,100.0,53213.4,2217.2,197
71,19,deploy,2,32,17,8,8,37.9,37.9,100.0,54305.8,2172.2,200
72,20,create,5,33,13,21,21,39.2,37.9,100.0,54305.8,2172.2,200
73,20,create,9,34,12,15,15,40.4,37.9,100.0,54305.8,2172.2,200
74,20,deploy,2,33,13,21,21,40.4,39.2,100.0,55286.5,2126.4,203
75,20,deploy,2,34,12,15,15,40.4,40.4,100.0,55619.7,2060.0,203
76,21,remove,2,21,16,7,0,38.8,38.8,100.0,54518.2,2096.9,200
77,21,create,9,35,13,96,96,40.1,38.8,100.0,54518.2,2096.9,200
78,21,deploy,2,35,13,96,96,40.1,40.1,100.0,54966.1,2035.8,200
79,22,create,7,36,20,57,57,42.1,40.1,100.0,54966.1,2035.8,200
80,22,deploy,2,36,20,57,57,42.1,42.1,100.0,56924.9,2033.0,206
81,23,remove,2,28,19,5,0,40.2,40.2,100.0,55243.0,2046.0,201
82,23,create,5,37,13,83,83,41.5,40.2,100.0,55243.0,2046.0,201
83,23,create,7,38,12,72,72,42.7,40.2,100.0,55243.0,2046.0,201
84,23,deploy,2,37,13,83,83,42.7,41.5,100.0,56628.8,2022.5,206
85,23,deploy,2,38,12,72,72,42.7,42.7,100.0,57372.1,1978.3,208
86,24,create,5,39,20,41,41,44.7,42.7,100.0,57372.1,1978.3,208
87,24,deploy,2,39,20,41,41,44.7,44.7,100.0,58633.6,1954.5,211
88,27,remove,2,32,17,8,0,43.0,43.0,100.0,57751.8,1991.4,209
89,28,create,9,40,19,9,9,44.9,43.0,100.0,57751.8,1991.4,209
90,28,deploy,2,40,19,9,9,44.9,44.9,100.0,60099.0,2003.3,217
91,29,remove,2,9,11,22,0,43.8,43.8,100.0,59752.2,2060.4,217
92,29,create,5,41,15,83,83,45.3,43.8,100.0,59752.2,2060.4,217
93,29,deploy,2,41,15,83,83,45.3,45.3,100.0,60622.4,2020.7,219
94,30,create,5,42,12,79,79,46.5,45.3,100.0,60622.4,2020.7,219
95,30,deploy,2,42,12,79,79,46.5,46.5,100.0,61704.3,1990.5,222
96,31,remove,2,7,18,25,0,44.7,44.7,100.0,60546.7,2018.2,219
97,31,create,5,43,15,1,1,46.2,44.7,100.0,60546.7,2018.2,219
98,31,deploy,2,43,15,1,1,46.2,46.2,100.0,61580.3,1986.5,222
99,32,create,10,44,20,3,3,48.2,46.2,100.0,61580.3,1986.5,222
100,32,create,5,45,15,54,54,49.7,46.2,100.0,61580.3,1986.5,222
101,32,remove,2,43,15,1,0,48.2,44.7,100.0,60456.8,2015.2,219
102,32,deploy,2,44,20,3,3,48.2,46.7,100.0,61926.9,1997.6,223
103,32,deploy,2,45,15,54,54,48.2,48.2,100.0,62596.7,1956.1,224
104,33,create,10,46,11,90,90,49.3,48.2,100.0,62596.7,1956.1,224
105,33,deploy,2,46,11,90,90,49.3,49.3,100.0,63520.8,1924.9,227
106,34,remove,2,25,18,16,0,47.5,47.5,100.0,62228.9,1944.7,224
107,34,create,9,47,17,7,7,49.2,47.5,100.0,62228.9,1944.7,224
108,34,create,10,48,20,22,22,51.2,47.5,100.0,62228.9,1944.7,224
109,34,deploy,2,47,17,7,7,51.2,49.2,100.0,62748.2,1901.5,224
110,34,deploy,2,48,20,22,22,51.2,51.2,100.0,63762.2,1875.4,226
111,35,remove,2,34,12,15,0,50.0,50.0,100.0,63431.9,1922.2,226
112,35,remove,2,44,20,3,0,48.0,48.0,100.0,62168.7,1942.8,223
113,35,create,10,49,18,152,152,49.8,48.0,100.0,62168.7,1942.8,223
114,35,deploy,2,49,18,152,152,49.8,49.8,100.0,63328.9,1919.1,226
115,36,create,7,50,18,84,84,51.6,49.8,100.0,63328.9,1919.1,226
116,36,create,5,51,15,22,22,53.1,49.8,100.0,63328.9,1919.1,226
117,36,create,9,52,16,12,12,54.7,49.8,100.0,63328.9,1919.1,226
118,36,deploy,2,50,18,84,84,54.7,51.6,100.0,64736.2,1904.0,230
119,36,deploy,2,51,15,22,22,54.7,53.1,100.0,65860.4,1881.7,233
120,36,deploy,2,52,16,12,12,54.7,54.7,100.0,66557.2,1848.8,234
121,37,remove,2,40,19,9,0,52.8,52.8,100.0,65031.3,1858.0,230
122,37,create,10,53,20,100,100,54.8,52.8,100.0,65031.3,1858.0,230
123,37,deploy,2,53,20,100,100,54.8,54.8,100.0,65989.6,1833.0,232
124,38,create,5,54,20,87,87,56.8,54.8,100.0,65989.6,1833.0,232
125,38,deploy,2,54,20,87,87,56.8,56.8,100.0,66844.2,1806.6,233
126,39,create,9,55,14,81,81,58.2,56.8,100.0,66844.2,1806.6,233
127,39,create,10,56,12,25,25,59.4,56.8,100.0,66844.2,1806.6,233
128,39,deploy,2,55,14,81,81,59.4,58.2,100.0,67281.0,1770.6,233
129,39,deploy,2,56,12,25,25,59.4,59.4,100.0,68437.8,1754.8,237
130,40,create,9,57,11,8,8,60.5,59.4,100.0,68437.8,1754.8,237
131,40,create,10,58,20,80,80,62.5,59.4,100.0,68437.8,1754.8,237
132,40,deploy,2,57,11,8,8,62.5,60.5,100.0,68744.6,1718.6,237
133,40,deploy,2,58,20,80,80,62.5,62.5,100.0,69345.6,1691.4,237
134,41,remove,2,33,13,21,0,61.2,61.2,100.0,68691.5,1717.3,236
135,41,remove,2,47,17,7,0,59.5,59.5,100.0,67845.0,1739.6,235
136,41,create,7,59,12,19,19,60.7,59.5,100.0,67845.0,1739.6,235
137,41,create,10,60,16,461,461,62.3,59.5,100.0,67845.0,1739.6,235
138,41,deploy,2,59,12,19,19,62.3,60.7,100.0,68179.4,1704.5,235
139,41,deploy,2,60,16,461,461,62.3,62.3,100.0,69255.8,1689.2,237
140,42,create,5,61,14,42,42,63.7,62.3,100.0,69255.8,1689.2,237
141,42,deploy,2,61,14,42,42,63.7,63.7,100.0,69689.6,1659.3,237
142,43,remove,2,30,18,24,0,61.9,61.9,100.0,68896.1,1680.4,236
143,47,create,10,62,10,54,54,62.9,61.9,100.0,68896.1,1680.4,236
144,47,deploy,2,62,10,54,54,62.9,62.9,100.0,69425.7,1653.0,237
145,48,remove,2,52,16,12,0,61.3,61.3,100.0,68978.5,1682.4,237
146,48,remove,2,57,11,8,0,60.2,60.2,100.0,68672.0,1716.8,237
147,48,create,7,63,10,15,15,61.2,60.2,100.0,68672.0,1716.8,237
148,48,create,5,64,10,160,160,62.2,60.2,100.0,68672.0,1716.8,237
149,48,deploy,2,63,10,15,15,62.2,61.2,100.0,69154.8,1686.7,238
150,48,deploy,2,64,10,160,160,62.2,62.2,100.0,69480.3,1654.3,238
151,50,create,10,65,17,115,115,63.9,62.2,100.0,69480.3,1654.3,238
152,50,create,7,66,20,9,9,65.9,62.2,100.0,69480.3,1654.3,238
153,50,deploy,2,65,17,115,115,65.9,63.9,100.0,70159.4,1631.6,239
154,50,deploy,2,66,20,9,9,65.9,65.9,100.0,71174.0,1617.6,241
155,51,create,7,67,11,145,145,67.0,65.9,100.0,71174.0,1617.6,241
156,51,deploy,2,67,11,145,145,67.0,67.0,100.0,71687.7,1593.1,242
157,52,create,9,68,14,24,24,68.4,67.0,100.0,71687.7,1593.1,242
158,52,deploy,2,68,14,24,24,68.4,68.4,100.0,72284.6,1571.4,243
159,53,create,9,69,19,74,74,70.3,68.4,100.0,72284.6,1571.4,243
160,53,drop,-,69,19,74,74,70.3,68.4,98.6,72284.6,1571.4,243
161,54,create,7,70,12,25,25,69.6,68.4,98.6,72284.6,1571.4,243
162,54,create,9,71,19,10,10,71.5,68.4,98.6,72284.6,1571.4,243
163,54,deploy,2,70,12,25,25,71.5,69.6,98.6,72621.6,1545.1,243
164,54,drop,-,71,19,10,10,71.5,69.6,97.2,72621.6,1545.1,243
165,55,create,7,72,13,100,100,70.9,69.6,97.2,72621.6,1545.1,243
166,55,drop,-,72,13,100,100,70.9,69.6,95.8,72621.6,1545.1,243
167,56,remove,2,48,20,22,0,67.6,67.6,95.8,72068.3,1566.7,243
168,56,create,10,73,15,152,152,69.1,67.6,95.8,72068.3,1566.7,243
169,56,create,7,74,17,15,15,70.8,67.6,95.8,72068.3,1566.7,243
170,56,deploy,2,73,15,152,152,70.8,69.1,95.9,72482.7,1542.2,243
171,56,deploy,2,74,17,15,15,70.8,70.8,95.9,73004.2,1520.9,243
172,57,remove,2,16,12,45,0,69.6,69.6,95.9,72426.1,1541.0,242
173,57,create,5,75,20,23,23,71.6,69.6,95.9,72426.1,1541.0,242
174,57,deploy,2,75,20,23,23,71.6,71.6,96.0,73188.4,1524.8,243
175,58,remove,2,51,15,22,0,70.1,70.1,96.0,72732.7,1547.5,243
176,59,remove,2,15,13,48,0,68.8,68.8,96.0,71917.6,1563.4,241
177,59,remove,2,66,20,9,0,66.8,66.8,96.0,71272.9,1583.8,241
178,59,create,7,76,15,157,157,68.3,66.8,96.0,71272.9,1583.8,241
179,59,create,5,77,13,67,67,69.6,66.8,96.0,71272.9,1583.8,241
180,59,deploy,2,76,15,157,157,69.6,68.3,96.1,71730.0,1559.3,241
181,59,deploy,2,77,13,67,67,69.6,69.6,96.1,72177.5,1535.7,241
182,60,remove,2,59,12,19,0,68.4,68.4,96.1,71843.0,1561.8,241
183,60,create,9,78,16,3,3,70.0,68.4,96.1,71843.0,1561.8,241
184,60,create,5,79,18,26,26,71.8,68.4,96.1,71843.0,1561.8,241
185,60,deploy,2,78,16,3,3,71.8,70.0,96.2,72904.2,1551.2,244
186,60,deploy,2,79,18,26,26,71.8,71.8,96.2,73404.0,1529.2,244
187,61,remove,2,4,11,57,0,70.7,70.7,96.2,73100.8,1555.3,244
188,61,create,7,80,14,19,19,72.1,70.7,96.2,73100.8,1555.3,244
189,61,deploy,2,80,14,19,19,72.1,72.1,96.2,73535.2,1532.0,244
190,62,create,10,81,15,16,16,73.6,72.1,96.2,73535.2,1532.0,244
191,62,create,7,82,20,66,66,75.6,72.1,96.2,73535.2,1532.0,244
192,62,deploy,2,81,15,16,16,75.6,73.6,96.3,73955.3,1509.3,244
193,62,drop,-,82,20,66,66,75.6,73.6,95.1,73955.3,1509.3,244
194,63,remove,2,63,10,15,0,72.6,72.6,95.1,73476.3,1530.8,243
195,63,remove,2,78,16,3,0,71.0,71.0,95.1,72781.4,1548.5,242
196,63,create,7,83,15,40,40,72.5,71.0,95.1,72781.4,1548.5,242
197,63,deploy,2,83,15,40,40,72.5,72.5,95.2,73193.9,1524.9,242
198,64,remove,2,56,12,25,0,71.3,71.3,95.2,72610.0,1544.9,241
199,64,create,10,84,19,37,37,73.2,71.3,95.2,72610.0,1544.9,241
200,64,create,7,85,15,15,15,74.7,71.3,95.2,72610.0,1544.9,241
201,64,deploy,2,84,19,37,37,74.7,73.2,95.2,73543.6,1532.2,243
202,64,deploy,2,85,15,15,15,74.7,74.7,95.3,74371.3,1517.8,245
203,65,remove,2,39,20,41,0,72.7,72.7,95.3,73779.4,1537.1,245
204,65,create,9,86,14,4,4,74.1,72.7,95.3,73779.4,1537.1,245
205,65,create,10,87,11,63,63,75.2,72.7,95.3,73779.4,1537.1,245
206,65,create,7,88,17,58,58,76.9,72.7,95.3,73779.4,1537.1,245
207,65,deploy,2,86,14,4,4,76.9,74.1,95.3,74261.1,1515.5,245
208,65,deploy,2,87,11,63,63,76.9,75.2,95.4,74612.5,1492.2,245
209,65,deploy,2,88,17,58,58,76.9,76.9,95.5,75292.1,1476.3,246
210,66,remove,2,12,17,57,0,75.2,75.2,95.5,74823.2,1496.5,246
211,67,remove,2,20,10,53,0,74.2,74.2,95.5,74499.7,1520.4,246
212,69,create,5,89,19,145,145,76.1,74.2,95.5,74499.7,1520.4,246
213,69,create,9,90,10,11,11,77.1,74.2,95.5,74499.7,1520.4,246
214,69,create,10,91,13,51,51,78.4,74.2,95.5,74499.7,1520.4,246
215,69,remove,2,86,14,4,0,77.0,72.8,95.5,74019.0,1542.1,246
216,69,deploy,2,89,19,145,145,77.0,74.7,95.5,74548.1,1521.4,246
217,69,deploy,2,90,10,11,11,77.0,75.7,95.6,74871.5,1497.4,246
218,69,deploy,2,91,13,51,51,77.0,77.0,95.6,75437.8,1479.2,247
219,70,create,5,92,18,16,16,78.8,77.0,95.6,75437.8,1479.2,247
220,70,create,10,93,15,7,7,80.3,77.0,95.6,75437.8,1479.2,247
221,70,drop,-,92,18,16,16,80.3,77.0,94.6,75437.8,1479.2,247
222,70,drop,-,93,15,7,7,78.5,77.0,93.5,75437.8,1479.2,247
223,71,remove,2,74,17,15,0,75.3,75.3,93.5,74916.1,1498.3,247
224,71,create,9,94,20,110,110,77.3,75.3,93.5,74916.1,1498.3,247
225,71,create,10,95,17,361,361,79.0,75.3,93.5,74916.1,1498.3,247
226,71,deploy,2,94,20,110,110,79.0,77.3,93.6,75766.4,1485.6,248
227,71,deploy,2,95,17,361,361,79.0,79.0,93.7,76283.9,1467.0,248
228,72,create,7,96,10,15,15,80.0,79.0,93.7,76283.9,1467.0,248
229,72,drop,-,96,10,15,15,80.0,79.0,92.7,76283.9,1467.0,248
230,73,create,5,97,17,7,7,80.7,79.0,92.7,76283.9,1467.0,248
231,73,create,9,98,15,2,2,82.2,79.0,92.7,76283.9,1467.0,248
232,73,create,10,99,17,347,347,83.9,79.0,92.7,76283.9,1467.0,248
233,73,drop,-,97,17,7,7,83.9,79.0,91.8,76283.9,1467.0,248
234,73,drop,-,98,15,2,2,82.2,79.0,90.8,76283.9,1467.0,248
235,73,deploy,2,99,17,347,347,80.7,80.7,90.9,76802.0,1449.1,248
236,75,remove,2,18,12,62,0,79.5,79.5,90.9,76424.2,1469.7,248
237,75,remove,2,22,20,61,0,77.5,77.5,90.9,75664.9,1483.6,247
238,75,create,5,100,16,161,161,79.1,77.5,90.9,75664.9,1483.6,247
239,75,create,9,101,13,306,306,80.4,77.5,90.9,75664.9,1483.6,247
240,75,deploy,2,100,16,161,161,80.4,79.1,91.0,76099.3,1463.4,247
241,75,deploy,2,101,13,306,306,80.4,80.4,91.1,76505.3,1443.5,247
242,76,remove,2,68,14,24,0,79.0,79.0,91.1,76121.1,1463.9,247
243,76,create,5,102,11,148,148,80.1,79.0,91.1,76121.1,1463.9,247
244,76,create,9,103,12,22,22,81.3,79.0,91.1,76121.1,1463.9,247
245,76,deploy,2,102,11,148,148,81.3,80.1,91.2,76633.5,1445.9,248
246,76,deploy,2,103,12,22,22,81.3,81.3,91.3,77377.8,1432.9,250
247,77,create,5,104,16,256,256,82.9,81.3,91.3,77377.8,1432.9,250
248,77,create,9,105,14,61,61,84.3,81.3,91.3,77377.8,1432.9,250
249,77,drop,-,104,16,256,256,84.3,81.3,90.4,77377.8,1432.9,250
250,77,drop,-,105,14,61,61,82.7,81.3,89.5,77377.8,1432.9,250
251,78,remove,2,81,15,16,0,79.8,79.8,89.5,76924.5,1451.4,250
252,78,create,5,106,16,10,10,81.4,79.8,89.5,76924.5,1451.4,250
253,78,create,9,107,12,35,35,82.6,79.8,89.5,76924.5,1451.4,250
254,78,drop,-,106,16,10,10,82.6,79.8,88.7,76924.5,1451.4,250
255,78,deploy,2,107,12,35,35,81.0,81.0,88.8,77302.4,1431.5,250
256,79,remove,2,36,20,57,0,79.0,79.0,88.8,76745.7,1448.0,250
257,79,remove,2,70,12,25,0,77.8,77.8,88.8,76368.5,1468.6,250
258,79,remove,2,85,15,15,0,76.3,76.3,88.8,75902.4,1488.3,250
259,79,create,9,108,19,9,9,78.2,76.3,88.8,75902.4,1488.3,250
260,79,deploy,2,108,19,9,9,78.2,78.2,88.9,76431.9,1469.8,250
261,80,remove,2,75,20,23,0,76.2,76.2,88.9,75621.6,1482.8,249
262,80,remove,2,80,14,19,0,74.8,74.8,88.9,74989.9,1499.8,248
263,80,remove,2,90,10,11,0,73.8,73.8,88.9,74714.5,1524.8,248
264,80,create,10,109,20,124,124,75.8,73.8,88.9,74714.5,1524.8,248
265,80,create,9,110,14,6,6,77.2,73.8,88.9,74714.5,1524.8,248
266,80,deploy,2,109,20,124,124,77.2,75.8,89.0,75309.6,1506.2,248
267,80,deploy,2,110,14,6,6,77.2,77.2,89.1,75741.4,1485.1,248
268,81,create,10,111,17,42,42,78.9,77.2,89.1,75741.4,1485.1,248
269,81,deploy,2,111,17,42,42,78.9,78.9,89.2,76507.9,1471.3,249
270,83,create,5,112,11,90,90,80.0,78.9,89.2,76507.9,1471.3,249
271,83,deploy,2,112,11,90,90,80.0,80.0,89.3,77017.1,1453.2,250
272,84,remove,2,61,14,42,0,78.6,78.6,89.3,76632.2,1473.7,250
273,84,create,7,113,20,14,14,80.6,78.6,89.3,76632.2,1473.7,250
274,84,create,9,114,11,8,8,81.7,78.6,89.3,76632.2,1473.7,250
275,84,deploy,2,113,20,14,14,81.7,80.6,89.4,77185.2,1456.3,250
276,84,drop,-,114,11,8,8,81.7,80.6,88.6,77185.2,1456.3,250
277,85,create,5,115,16,264,264,82.2,80.6,88.6,77185.2,1456.3,250
278,85,create,7,116,19,96,96,84.1,80.6,88.6,77185.2,1456.3,250
279,85,deploy,2,115,16,264,264,84.1,82.2,88.7,77629.7,1437.6,250
280,85,drop,-,116,19,96,96,84.1,82.2,87.9,77629.7,1437.6,250
281,86,remove,2,45,15,54,0,80.7,80.7,87.9,77216.0,1456.9,250
282,86,remove,2,79,18,26,0,78.9,78.9,87.9,76514.5,1471.4,249
283,86,remove,2,110,14,6,0,77.5,77.5,87.9,76123.5,1492.6,249
284,86,create,5,117,11,24,24,78.6,77.5,87.9,76123.5,1492.6,249
285,86,deploy,2,117,11,24,24,78.6,78.6,88.0,76429.8,1469.8,249
286,87,remove,2,13,11,78,0,77.5,77.5,88.0,75919.7,1488.6,248
287,87,create,9,118,18,33,33,79.3,77.5,88.0,75919.7,1488.6,248
288,87,deploy,2,118,18,33,33,79.3,79.3,88.1,76622.4,1473.5,249
289,88,remove,2,108,19,9,0,77.4,77.4,88.1,76053.3,1491.2,249
290,88,create,10,119,10,14,14,78.4,77.4,88.1,76053.3,1491.2,249
291,88,create,7,120,12,87,87,79.6,77.4,88.1,76053.3,1491.2,249
292,88,create,9,121,11,40,40,80.7,77.4,88.1,76053.3,1491.2,249
293,88,deploy,2,119,10,14,14,80.7,78.4,88.2,76378.0,1468.8,249
294,88,deploy,2,120,12,87,87,80.7,79.6,88.3,76712.7,1447.4,249
295,88,drop,-,121,11,40,40,80.7,79.6,87.6,76712.7,1447.4,249
296,89,remove,2,27,16,71,0,78.0,78.0,87.6,76270.1,1466.7,249
297,91,create,10,122,18,287,287,79.8,78.0,87.6,76270.1,1466.7,249
298,91,create,7,123,15,5,5,81.3,78.0,87.6,76270.1,1466.7,249
299,91,deploy,2,122,18,287,287,81.3,79.8,87.7,76770.5,1448.5,249
300,91,deploy,2,123,15,5,5,81.3,81.3,87.8,77186.4,1429.4,249
301,92,create,5,124,15,150,150,82.8,81.3,87.8,77186.4,1429.4,249
302,92,create,9,125,13,34,34,84.1,81.3,87.8,77186.4,1429.4,249
303,92,deploy,2,124,15,150,150,84.1,82.8,87.9,77607.4,1411.0,249
304,92,drop,-,125,13,34,34,84.1,82.8,87.2,77607.4,1411.0,249
305,95,remove,2,38,12,72,0,81.6,81.6,87.2,77275.3,1431.0,249
306,95,create,5,126,12,39,39,82.8,81.6,87.2,77275.3,1431.0,249
307,95,create,9,127,15,35,35,84.3,81.6,87.2,77275.3,1431.0,249
308,95,drop,-,126,12,39,39,84.3,81.6,86.5,77275.3,1431.0,249
309,95,deploy,2,127,15,35,35,83.1,83.1,86.6,77689.2,1412.5,249
310,96,remove,2,123,15,5,0,81.6,81.6,86.6,77274.1,1431.0,249
311,96,create,9,128,15,125,125,83.1,81.6,86.6,77274.1,1431.0,249
312,96,deploy,2,128,15,125,125,83.1,83.1,86.7,77729.7,1413.3,249
313,97,create,9,129,13,129,129,84.4,83.1,86.7,77729.7,1413.3,249
314,97,drop,-,129,13,129,129,84.4,83.1,86.0,77729.7,1413.3,249
315,98,remove,2,103,12,22,0,81.9,81.9,86.0,77151.5,1428.7,248
316,98,remove,2,113,20,14,0,79.9,79.9,86.0,76597.2,1445.2,248
317,98,create,9,130,14,137,137,81.3,79.9,86.0,76597.2,1445.2,248
318,98,deploy,2,130,14,137,137,81.3,81.3,86.2,76984.5,1425.6,248
319,99,create,5,131,14,86,86,82.7,81.3,86.2,76984.5,1425.6,248
320,99,drop,-,131,14,86,86,82.7,81.3,85.5,76984.5,1425.6,248
321,100,create,7,132,18,51,51,83.1,81.3,85.5,76984.5,1425.6,248
322,100,create,5,133,15,264,264,84.6,81.3,85.5,76984.5,1425.6,248
323,100,deploy,2,132,18,51,51,84.6,83.1,85.6,77734.8,1413.4,249
324,100,deploy,2,133,15,264,264,84.6,84.6,85.7,78153.0,1395.6,249
325,101,remove,2,62,10,54,0,83.6,83.6,85.7,77877.3,1416.0,249
326,101,remove,2,84,19,37,0,81.7,81.7,85.7,77153.8,1428.8,248
327,101,create,9,134,15,84,84,83.2,81.7,85.7,77153.8,1428.8,248
328,101,drop,-,134,15,84,84,83.2,81.7,85.1,77153.8,1428.8,248
329,102,remove,2,119,10,14,0,80.7,80.7,85.1,76874.8,1450.5,248
330,102,create,7,135,17,41,41,82.4,80.7,85.1,76874.8,1450.5,248
331,102,create,9,136,11,59,59,83.5,80.7,85.1,76874.8,1450.5,248
332,102,drop,-,135,17,41,41,83.5,80.7,84.4,76874.8,1450.5,248
333,102,deploy,2,136,11,59,59,81.8,81.8,84.6,77183.4,1429.3,248
334,103,remove,2,83,15,40,0,80.3,80.3,84.6,76769.3,1448.5,248
335,103,create,7,137,11,51,51,81.4,80.3,84.6,76769.3,1448.5,248
336,103,create,9,138,20,27,27,83.4,80.3,84.6,76769.3,1448.5,248
337,103,deploy,2,137,11,51,51,83.4,81.4,84.7,77279.0,1431.1,249
338,103,deploy,2,138,20,27,27,83.4,83.4,84.8,77835.4,1415.2,249
339,104,create,5,139,19,306,306,85.3,83.4,84.8,77835.4,1415.2,249
340,104,drop,-,139,19,306,306,85.3,83.4,84.2,77835.4,1415.2,249
341,105,remove,2,14,20,94,0,81.4,81.4,84.2,77281.0,1431.1,249
342,106,remove,2,5,15,101,0,79.9,79.9,84.2,76864.1,1450.3,249
343,106,remove,2,29,16,87,0,78.3,78.3,84.2,76421.0,1469.6,249
344,106,remove,2,37,13,83,0,77.0,77.0,84.2,75806.0,1486.4,248
345,106,create,9,140,15,51,51,78.5,77.0,84.2,75806.0,1486.4,248
346,106,deploy,2,140,15,51,51,78.5,78.5,84.3,76474.8,1470.7,249
347,107,create,10,141,11,90,90,79.6,78.5,84.3,76474.8,1470.7,249
348,107,deploy,2,141,11,90,90,79.6,79.6,84.4,76979.7,1452.4,250
349,108,remove,2,31,15,89,0,78.1,78.1,84.4,76563.2,1472.4,250
350,109,remove,2,42,12,79,0,76.9,76.9,84.4,76228.4,1494.7,250
351,109,create,10,142,19,234,234,78.8,76.9,84.4,76228.4,1494.7,250
352,109,deploy,2,142,19,234,234,78.8,78.8,84.5,76755.4,1476.1,250
353,110,remove,2,117,11,24,0,77.7,77.7,84.5,76452.0,1499.1,250
354,112,remove,2,41,15,83,0,76.2,76.2,84.5,76036.6,1520.7,250
355,112,create,9,143,18,61,61,78.0,76.2,84.5,76036.6,1520.7,250
356,112,deploy,2,143,18,61,61,78.0,78.0,84.6,76534.5,1500.7,250
357,113,remove,2,19,17,100,0,76.3,76.3,84.6,76061.4,1521.2,250
358,113,remove,2,107,12,35,0,75.1,75.1,84.6,75732.5,1545.6,250
359,113,create,10,144,12,94,94,76.3,75.1,84.6,75732.5,1545.6,250
360,113,deploy,2,144,12,94,94,76.3,76.3,84.7,76066.1,1521.3,250
361,114,create,5,145,17,25,25,78.0,76.3,84.7,76066.1,1521.3,250
362,114,create,10,146,15,29,29,79.5,76.3,84.7,76066.1,1521.3,250
363,114,deploy,2,145,17,25,25,79.5,78.0,84.8,76540.4,1500.8,250
364,114,deploy,2,146,15,29,29,79.5,79.5,84.9,76951.6,1479.8,250
365,116,create,9,147,19,30,30,81.4,79.5,84.9,76951.6,1479.8,250
366,116,create,5,148,18,17,17,83.2,79.5,84.9,76951.6,1479.8,250
367,116,deploy,2,147,19,30,30,83.2,81.4,85.0,77482.4,1461.9,250
368,116,deploy,2,148,18,17,17,83.2,83.2,85.1,77980.8,1444.1,250
369,117,remove,2,11,13,109,0,81.9,81.9,85.1,77622.8,1464.6,250
370,117,remove,2,35,13,96,0,80.6,80.6,85.1,77057.2,1481.9,249
371,117,create,5,149,10,38,38,81.6,80.6,85.1,77057.2,1481.9,249
372,117,deploy,2,149,10,38,38,81.6,81.6,85.2,77337.2,1459.2,249
373,118,remove,2,26,14,100,0,80.2,80.2,85.2,76950.3,1479.8,249
