id,time,action,Ingress/DC,SFC,n_VNFs,demand,TTL,remain,util,migration,acceptance,power,P_per_sfc,active_server
1,1,create,9,1,19,510,183,183,0.0,0,0.0,0,0.0,0
2,1,deploy,2,1,19,510,183,183,2.0,0,100.0,772.7,772.7,1
3,11,create,10,2,19,554,5,5,2.0,0,100.0,772.7,772.7,1
4,11,deploy,2,2,19,554,5,5,4.3,0,100.0,1594.4,797.2,2
5,16,create,5,3,20,503,102,102,4.3,0,100.0,1594.4,797.2,2
6,16,remove,2,2,19,554,5,0,2.0,0,100.0,772.7,772.7,1
7,16,deploy,2,3,20,503,102,102,4.1,0,100.0,1537.7,768.9,2
8,21,create,10,4,6,170,44,44,4.1,0,100.0,1537.7,768.9,2
9,21,deploy,2,4,6,170,44,44,4.7,0,100.0,1932.0,644.0,3
10,30,create,9,5,14,366,53,53,4.7,0,100.0,1932.0,644.0,3
11,30,deploy,2,5,14,366,53,53,6.2,0,100.0,2544.4,636.1,4
12,38,create,7,6,10,279,77,77,6.2,0,100.0,2544.4,636.1,4
13,38,deploy,2,6,10,279,77,77,7.3,0,100.0,3060.1,612.0,5
14,41,create,10,7,13,366,2,2,7.3,0,100.0,3060.1,612.0,5
15,41,deploy,2,7,13,366,2,2,8.8,0,100.0,3672.5,612.1,6
16,43,remove,2,7,13,366,2,0,7.3,0,100.0,3060.1,612.0,5
17,45,create,9,8,6,157,114,114,7.3,0,100.0,3060.1,612.0,5
18,45,deploy,2,8,6,157,114,114,7.9,0,100.0,3439.9,573.3,6
19,47,create,5,9,4,86,18,18,7.9,0,100.0,3439.9,573.3,6
20,47,deploy,2,9,4,86,18,18,8.3,0,100.0,3740.7,534.4,7
21,57,create,5,10,5,127,252,252,8.3,0,100.0,3740.7,534.4,7
22,57,deploy,2,10,5,127,252,252,8.8,0,100.0,4087.2,510.9,8
23,58,create,7,11,20,487,90,90,8.8,0,100.0,4087.2,510.9,8
24,58,deploy,2,11,20,487,90,90,10.7,0,100.0,4834.3,537.1,9
25,59,create,7,12,10,252,145,145,10.7,0,100.0,4834.3,537.1,9
26,59,deploy,2,12,10,252,145,145,11.7,0,100.0,5319.9,532.0,10
27,60,create,9,13,11,264,59,59,11.7,0,100.0,5319.9,532.0,10
28,60,deploy,2,13,11,264,59,59,12.8,0,100.0,5818.8,529.0,11
29,65,remove,2,4,6,170,44,0,12.1,0,100.0,5424.5,542.5,10
30,65,remove,2,9,4,86,18,0,11.8,0,100.0,5123.7,569.3,9
31,73,create,9,14,5,149,440,440,11.8,0,100.0,5123.7,569.3,9
32,73,deploy,2,14,5,149,440,440,12.4,0,100.0,5494.6,549.5,10
33,75,create,5,15,14,305,118,118,12.4,0,100.0,5494.6,549.5,10
34,75,deploy,2,15,14,305,118,118,13.6,0,100.0,6039.2,549.0,11
35,79,create,9,16,7,185,107,107,13.6,0,100.0,6039.2,549.0,11
36,79,deploy,2,16,7,185,107,107,14.3,0,100.0,6450.2,537.5,12
37,83,remove,2,5,14,366,53,0,12.9,0,100.0,5837.7,530.7,11
38,91,create,5,17,13,349,113,113,12.9,0,100.0,5837.7,530.7,11
39,91,create,9,18,7,187,275,275,12.9,0,100.0,5837.7,530.7,11
40,91,deploy,2,17,13,349,113,113,14.3,0,100.0,6431.3,535.9,12
41,91,deploy,2,18,7,187,275,275,15.0,0,100.0,7270.4,559.3,14
42,92,create,9,19,20,473,88,88,15.0,0,100.0,7270.4,559.3,14
43,92,deploy,2,19,20,473,88,88,16.9,0,100.0,8002.0,571.6,15
44,93,create,9,20,11,269,30,30,16.9,0,100.0,8002.0,571.6,15
45,93,deploy,2,20,11,269,30,30,18.0,0,100.0,8506.4,567.1,16
46,94,create,5,21,5,127,84,84,18.0,0,100.0,8506.4,567.1,16
47,94,deploy,2,21,5,127,84,84,18.5,0,100.0,8852.9,553.3,17
48,100,create,10,22,16,427,25,25,18.5,0,100.0,8852.9,553.3,17
49,100,deploy,2,22,16,427,25,25,20.2,0,100.0,9533.2,560.8,18
50,108,create,10,23,9,208,420,420,20.2,0,100.0,9533.2,560.8,18
51,108,deploy,2,23,9,208,420,420,21.0,0,100.0,9969.9,553.9,19
52,109,create,5,24,17,516,6,6,21.0,0,100.0,9969.9,553.9,19
53,109,deploy,2,24,17,516,6,6,23.1,0,100.0,10749.3,565.8,20
54,110,create,5,25,17,392,155,155,23.1,0,100.0,10749.3,565.8,20
55,110,deploy,2,25,17,392,155,155,24.7,0,100.0,11390.7,569.5,21
56,115,remove,2,6,10,279,77,0,23.5,0,100.0,10875.0,572.4,20
57,115,create,9,26,18,393,30,30,23.5,0,100.0,10875.0,572.4,20
58,115,remove,2,24,17,516,6,0,21.5,0,100.0,10095.6,560.9,19
59,115,deploy,2,26,18,393,30,30,23.1,0,100.0,10738.1,565.2,20
60,118,remove,2,3,20,503,102,0,21.0,0,100.0,9973.2,554.1,19
61,119,remove,2,13,11,264,59,0,20.0,0,100.0,9474.3,557.3,18
62,119,create,5,27,4,101,242,242,20.0,0,100.0,9474.3,557.3,18
63,119,deploy,2,27,4,101,242,242,20.4,0,100.0,9791.8,544.0,19
64,120,create,7,28,4,79,76,76,20.4,0,100.0,9791.8,544.0,19
65,120,deploy,2,28,4,79,76,76,20.7,0,100.0,10084.8,530.8,20
66,121,create,5,29,19,487,120,120,20.7,0,100.0,10084.8,530.8,20
67,121,deploy,2,29,19,487,120,120,22.7,0,100.0,10831.9,541.6,21
68,123,remove,2,20,11,269,30,0,21.6,0,100.0,10327.4,543.5,20
69,124,create,5,30,10,259,70,70,21.6,0,100.0,10327.4,543.5,20
70,124,deploy,2,30,10,259,70,70,22.6,0,100.0,10820.8,541.0,21
71,125,remove,2,22,16,427,25,0,20.9,0,100.0,10140.5,533.7,20
72,126,create,9,31,13,305,67,67,20.9,0,100.0,10140.5,533.7,20
73,126,deploy,2,31,13,305,67,67,22.1,0,100.0,10685.0,534.2,21
74,128,create,10,32,9,217,88,88,22.1,0,100.0,10685.0,534.2,21
75,128,deploy,2,32,9,217,88,88,23.0,0,100.0,11131.6,530.1,22
76,131,create,9,33,16,411,249,249,23.0,0,100.0,11131.6,530.1,22
77,131,deploy,2,33,16,411,249,249,24.6,0,100.0,11794.2,536.1,23
78,136,create,5,34,11,340,122,122,24.6,0,100.0,11794.2,536.1,23
79,136,deploy,2,34,11,340,122,122,26.0,0,100.0,12377.7,538.2,24
80,138,create,7,35,14,322,94,94,26.0,0,100.0,12377.7,538.2,24
81,138,create,5,36,5,119,167,167,26.0,0,100.0,12377.7,538.2,24
82,138,deploy,2,35,14,322,94,94,27.3,0,100.0,12941.2,539.2,25
83,138,deploy,2,36,5,119,167,167,27.8,0,100.0,13278.7,531.1,26
84,141,create,10,37,16,330,141,141,27.8,0,100.0,13278.7,531.1,26
85,141,deploy,2,37,16,330,141,141,29.1,0,100.0,13851.1,532.7,27
86,142,create,10,38,17,439,68,68,29.1,0,100.0,13851.1,532.7,27
87,142,deploy,2,38,17,439,68,68,30.8,0,100.0,14544.8,538.7,28
88,144,create,9,39,8,222,73,73,30.8,0,100.0,14544.8,538.7,28
89,144,deploy,2,39,8,222,73,73,31.7,0,100.0,14997.0,535.6,29
90,145,remove,2,26,18,393,30,0,30.2,0,100.0,14354.5,531.6,28
91,145,create,9,40,19,465,365,365,30.2,0,100.0,14354.5,531.6,28
92,145,deploy,2,40,19,465,365,365,32.0,0,100.0,15077.2,538.5,29
93,148,remove,2,11,20,487,90,0,30.1,0,100.0,14330.0,530.7,28
94,148,create,5,41,18,534,1,1,30.1,0,100.0,14330.0,530.7,28
95,148,deploy,2,41,18,534,1,1,32.2,0,100.0,15129.5,540.3,29
96,149,remove,2,41,18,534,1,0,30.1,0,100.0,14330.0,530.7,28
97,150,create,9,42,10,293,211,211,30.1,0,100.0,14330.0,530.7,28
98,150,deploy,2,42,10,293,211,211,31.2,0,100.0,14861.2,530.8,29
99,151,create,7,43,13,340,129,129,31.2,0,100.0,14861.2,530.8,29
100,151,deploy,2,43,13,340,129,129,32.6,0,100.0,15444.7,532.6,30
101,152,create,5,44,10,245,25,25,32.6,0,100.0,15444.7,532.6,30
102,152,deploy,2,44,10,245,25,25,33.6,0,100.0,15922.5,530.8,31
103,154,create,5,45,8,230,9,9,33.6,0,100.0,15922.5,530.8,31
104,154,deploy,2,45,8,230,9,9,34.5,0,100.0,16383.6,528.5,32
105,157,create,5,46,11,308,302,302,34.5,0,100.0,16383.6,528.5,32
106,157,deploy,2,46,11,308,302,302,35.7,0,100.0,16931.5,529.1,33
107,159,remove,2,8,6,157,114,0,35.1,0,100.0,16551.7,533.9,32
108,159,create,9,47,8,184,69,69,35.1,0,100.0,16551.7,533.9,32
109,159,deploy,2,47,8,184,69,69,35.8,0,100.0,16961.6,530.0,33
110,160,create,9,48,20,583,386,386,35.8,0,100.0,16961.6,530.0,33
111,160,deploy,2,48,20,583,386,386,38.2,0,100.0,17815.6,539.9,34
112,163,create,10,49,18,489,5,5,38.2,0,100.0,17815.6,539.9,34
113,163,remove,2,45,8,230,9,0,37.3,0,100.0,17354.5,542.3,33
114,163,deploy,2,49,18,489,5,5,39.2,0,100.0,18103.8,548.6,34
115,166,create,10,50,5,155,11,11,39.2,0,100.0,18103.8,548.6,34
116,166,deploy,2,50,5,155,11,11,39.8,0,100.0,18481.4,543.6,35
117,167,create,7,51,19,482,13,13,39.8,0,100.0,18481.4,543.6,35
118,167,deploy,2,51,19,482,13,13,41.8,0,100.0,19223.0,549.2,36
119,168,remove,2,49,18,489,5,0,39.8,0,100.0,18473.6,543.3,35
120,172,create,5,52,8,170,194,194,39.8,0,100.0,18473.6,543.3,35
121,172,deploy,2,52,8,170,194,194,40.5,0,100.0,18868.0,539.1,36
122,174,create,7,53,12,382,49,49,40.5,0,100.0,18868.0,539.1,36
123,174,deploy,2,53,12,382,49,49,42.0,0,100.0,19498.2,541.6,37
124,176,create,7,54,8,188,86,86,42.0,0,100.0,19498.2,541.6,37
125,176,deploy,2,54,8,188,86,86,42.8,0,100.0,19912.6,538.2,38
126,177,remove,2,44,10,245,25,0,41.8,0,100.0,19434.8,539.9,37
127,177,remove,2,50,5,155,11,0,41.2,0,100.0,19057.2,544.5,36
128,178,remove,2,21,5,127,84,0,40.7,0,100.0,18710.7,550.3,35
129,180,remove,2,19,20,473,88,0,38.8,0,100.0,17979.2,544.8,34
130,180,remove,2,51,19,482,13,0,36.8,0,100.0,17237.6,538.7,33
131,184,remove,2,1,19,510,183,0,34.8,0,100.0,16464.9,531.1,32
132,185,create,9,55,20,532,150,150,34.8,0,100.0,16464.9,531.1,32
133,185,deploy,2,55,20,532,150,150,36.9,0,100.0,17262.1,539.4,33
134,186,remove,2,16,7,185,107,0,36.2,0,100.0,16851.1,543.6,32
135,186,create,5,56,9,219,163,163,36.2,0,100.0,16851.1,543.6,32
136,186,create,9,57,19,478,51,51,36.2,0,100.0,16851.1,543.6,32
137,186,deploy,2,56,9,219,163,163,37.1,0,100.0,17299.9,540.6,33
138,186,deploy,2,57,19,478,51,51,39.0,0,100.0,18037.0,546.6,34
139,187,create,7,58,11,307,305,305,39.0,0,100.0,18037.0,546.6,34
140,187,deploy,2,58,11,307,305,305,40.2,0,100.0,18583.8,546.6,35
141,188,create,5,59,9,216,54,54,40.2,0,100.0,18583.8,546.6,35
142,188,deploy,2,59,9,216,54,54,41.1,0,100.0,19029.3,543.7,36
143,190,create,10,60,16,406,75,75,41.1,0,100.0,19029.3,543.7,36
144,190,create,5,61,18,397,16,16,41.1,0,100.0,19029.3,543.7,36
145,190,deploy,2,60,16,406,75,75,42.7,0,100.0,19686.3,546.8,37
146,190,deploy,2,61,18,397,16,16,44.3,0,100.0,20333.3,549.5,38
147,191,create,7,62,17,399,357,357,44.3,0,100.0,20333.3,549.5,38
148,191,deploy,2,62,17,399,357,357,45.9,0,100.0,20982.5,552.2,39
149,193,remove,2,15,14,305,118,0,44.6,0,100.0,20437.9,552.4,38
150,193,remove,2,31,13,305,67,0,43.4,0,100.0,19893.3,552.6,37
151,193,create,7,63,13,330,432,432,43.4,0,100.0,19893.3,552.6,37
152,193,deploy,2,63,13,330,432,432,44.7,0,100.0,20465.7,553.1,38
153,194,remove,2,30,10,259,70,0,43.7,0,100.0,19972.4,554.8,37
154,195,create,7,64,16,381,16,16,43.7,0,100.0,19972.4,554.8,37
155,195,deploy,2,64,16,381,16,16,45.2,0,100.0,20601.5,556.8,38
156,196,remove,2,28,4,79,76,0,44.9,0,100.0,20308.5,564.1,37
157,202,create,10,65,7,160,29,29,44.9,0,100.0,20308.5,564.1,37
158,202,deploy,2,65,7,160,29,29,45.6,0,100.0,20691.7,559.2,38
159,204,remove,2,12,10,252,145,0,44.6,0,100.0,20206.1,561.3,37
160,204,remove,2,17,13,349,113,0,43.2,0,100.0,19612.6,560.4,36
161,205,create,9,66,19,514,100,100,43.2,0,100.0,19612.6,560.4,36
162,205,create,7,67,19,503,238,238,43.2,0,100.0,19612.6,560.4,36
163,205,deploy,2,66,19,514,100,100,45.2,0,100.0,20389.7,566.4,37
164,205,deploy,2,67,19,503,238,238,47.2,0,100.0,21154.7,571.7,38
165,206,remove,2,61,18,397,16,0,45.6,0,100.0,20507.7,569.7,37
166,206,create,10,68,16,430,357,357,45.6,0,100.0,20507.7,569.7,37
167,206,deploy,2,68,16,430,357,357,47.4,0,100.0,21191.4,572.7,38
168,207,create,7,69,11,276,164,164,47.4,0,100.0,21191.4,572.7,38
169,207,create,10,70,12,300,4,4,47.4,0,100.0,21191.4,572.7,38
170,207,deploy,2,69,11,276,164,164,48.5,0,100.0,21703.7,571.1,39
171,207,deploy,2,70,12,300,4,4,49.7,0,100.0,22242.7,570.3,40
172,208,create,9,71,19,467,24,24,49.7,0,100.0,22242.7,570.3,40
173,208,deploy,2,71,19,467,24,24,51.5,0,100.0,22967.6,574.2,41
174,209,create,5,72,11,272,8,8,51.5,0,100.0,22967.6,574.2,41
175,209,deploy,2,72,11,272,8,8,52.6,0,100.0,23475.4,572.6,42
176,210,remove,2,38,17,439,68,0,50.9,0,100.0,22781.7,569.5,41
177,210,create,9,73,13,305,86,86,50.9,0,100.0,22781.7,569.5,41
178,210,deploy,2,73,13,305,86,86,52.1,0,100.0,23326.3,568.9,42
179,211,remove,2,64,16,381,16,0,50.6,0,100.0,22697.1,567.4,41
180,211,remove,2,70,12,300,4,0,49.4,0,100.0,22158.1,568.2,40
181,212,create,5,74,14,346,133,133,49.4,0,100.0,22158.1,568.2,40
182,212,deploy,2,74,14,346,133,133,50.7,0,100.0,22748.3,568.7,41
183,213,create,10,75,4,88,171,171,50.7,0,100.0,22748.3,568.7,41
184,213,create,5,76,17,408,309,309,50.7,0,100.0,22748.3,568.7,41
185,213,deploy,2,75,4,88,171,171,51.1,0,100.0,23051.3,562.2,42
186,213,deploy,2,76,17,408,309,309,52.7,0,100.0,23710.6,564.5,43
187,215,create,5,77,16,388,313,313,52.7,0,100.0,23710.6,564.5,43
188,215,deploy,2,77,16,388,313,313,54.3,0,100.0,24347.5,566.2,44
189,216,remove,2,32,9,217,88,0,53.4,0,100.0,23900.9,569.1,43
190,216,create,5,78,14,370,37,37,53.4,0,100.0,23900.9,569.1,43
191,216,deploy,2,78,14,370,37,37,54.9,0,100.0,24517.8,570.2,44
192,217,remove,2,39,8,222,73,0,54.0,0,100.0,24065.6,573.0,43
193,217,remove,2,72,11,272,8,0,52.9,0,100.0,23557.8,574.6,42
194,219,create,7,79,12,280,50,50,52.9,0,100.0,23557.8,574.6,42
195,219,deploy,2,79,12,280,50,50,54.0,0,100.0,24074.5,573.2,43
196,223,remove,2,53,12,382,49,0,52.5,0,100.0,23444.2,571.8,42
197,224,create,9,80,14,389,62,62,52.5,0,100.0,23444.2,571.8,42
198,224,create,7,81,9,198,11,11,52.5,0,100.0,23444.2,571.8,42
199,224,deploy,2,80,14,389,62,62,54.1,0,100.0,24082.3,573.4,43
200,224,deploy,2,81,9,198,11,11,54.9,0,100.0,24881.5,578.6,45
201,225,create,9,82,8,184,150,150,54.9,0,100.0,24881.5,578.6,45
202,225,create,7,83,18,504,4,4,54.9,0,100.0,24881.5,578.6,45
203,225,deploy,2,82,8,184,150,150,55.6,0,100.0,25291.4,574.8,46
204,225,deploy,2,83,18,504,4,4,57.6,0,100.0,26057.4,579.1,47
205,228,remove,2,47,8,184,69,0,56.9,0,100.0,25647.5,582.9,46
206,228,create,10,84,5,98,155,155,56.9,0,100.0,25647.5,582.9,46
207,228,create,9,85,10,254,85,85,56.9,0,100.0,25647.5,582.9,46
208,228,deploy,2,84,5,98,155,155,57.3,0,100.0,25961.7,576.9,47
209,228,deploy,2,85,10,254,85,85,58.3,0,100.0,26449.5,575.0,48
210,229,remove,2,83,18,504,4,0,56.3,0,100.0,25683.4,570.7,47
211,231,remove,2,65,7,160,29,0,55.6,0,100.0,25300.3,575.0,46
212,232,remove,2,35,14,322,94,0,54.3,0,100.0,24736.8,575.3,45
213,232,remove,2,71,19,467,24,0,52.5,0,100.0,24011.9,571.7,44
214,233,create,5,86,18,472,46,46,52.5,0,100.0,24011.9,571.7,44
215,233,deploy,2,86,18,472,46,46,54.4,0,100.0,24742.3,575.4,45
216,234,create,5,87,13,341,37,37,54.4,0,100.0,24742.3,575.4,45
217,234,deploy,2,87,13,341,37,37,55.7,0,100.0,25327.0,575.6,46
218,235,remove,2,81,9,198,11,0,54.9,0,100.0,24483.6,569.4,44
219,236,create,10,88,9,216,12,12,54.9,0,100.0,24483.6,569.4,44
220,236,deploy,2,88,9,216,12,12,55.8,0,100.0,24929.2,566.6,45
221,237,remove,2,57,19,478,51,0,53.9,0,100.0,24192.0,562.6,44
222,238,create,7,89,13,261,173,173,53.9,0,100.0,24192.0,562.6,44
223,238,create,5,90,18,444,21,21,53.9,0,100.0,24192.0,562.6,44
224,238,deploy,2,89,13,261,173,173,54.9,0,100.0,24687.6,561.1,45
225,238,deploy,2,90,18,444,21,21,56.7,0,100.0,25804.8,573.4,47
226,239,create,9,91,11,292,41,41,56.7,0,100.0,25804.8,573.4,47
227,239,create,5,92,12,274,52,52,56.7,0,100.0,25804.8,573.4,47
228,239,deploy,2,91,11,292,41,41,57.9,0,100.0,26334.9,572.5,48
229,239,deploy,2,92,12,274,52,52,59.0,0,100.0,26844.9,571.2,49
230,241,remove,2,29,19,487,120,0,57.0,0,100.0,26097.8,567.3,48
231,242,remove,2,59,9,216,54,0,56.1,0,100.0,25652.3,570.1,47
232,244,create,9,93,18,449,322,322,56.1,0,100.0,25652.3,570.1,47
233,244,deploy,2,93,18,449,322,322,57.9,0,100.0,26357.1,573.0,48
234,248,remove,2,88,9,216,12,0,57.1,0,100.0,25911.6,575.8,47
235,248,create,5,94,9,266,93,93,57.1,0,100.0,25911.6,575.8,47
236,248,deploy,2,94,9,266,93,93,58.1,0,100.0,26412.8,574.2,48
237,251,create,7,95,20,515,7,7,58.1,0,100.0,26412.8,574.2,48
238,251,deploy,2,95,20,515,7,7,60.2,0,100.0,27191.1,578.5,49
239,252,create,9,96,6,169,37,37,60.2,0,100.0,27191.1,578.5,49
240,252,deploy,2,96,6,169,37,37,60.9,0,100.0,27584.3,574.7,50
241,253,remove,2,78,14,370,37,0,59.4,0,100.0,26967.4,573.8,49
242,253,create,5,97,19,463,547,547,59.4,0,100.0,26967.4,573.8,49
243,253,deploy,2,97,19,463,547,547,61.3,0,100.0,27687.8,576.8,50
244,254,create,5,98,11,263,24,24,61.3,0,100.0,27687.8,576.8,50
245,254,deploy,2,98,11,263,24,24,62.3,0,100.0,28185.6,575.2,51
246,255,create,10,99,6,118,209,209,62.3,0,100.0,28185.6,575.2,51
247,255,deploy,2,99,6,118,209,209,62.8,0,100.0,28522.0,570.4,52
248,256,create,9,100,14,355,270,270,62.8,0,100.0,28522.0,570.4,52
249,256,create,5,101,16,439,56,56,62.8,0,100.0,28522.0,570.4,52
250,256,deploy,2,100,14,355,270,270,64.2,0,100.0,29122.2,571.0,53
251,256,deploy,2,101,16,439,56,56,66.0,0,100.0,29815.9,573.4,54
252,258,remove,2,34,11,340,122,0,64.6,0,100.0,29232.4,573.2,53
253,258,create,7,102,7,181,43,43,64.6,0,100.0,29232.4,573.2,53
254,258,remove,2,95,20,515,7,0,62.5,0,100.0,28454.1,569.1,52
255,258,deploy,2,102,7,181,43,43,63.3,0,100.0,28860.7,565.9,53
256,259,remove,2,90,18,444,21,0,61.5,0,100.0,27743.6,554.9,51
257,259,create,5,103,13,303,85,85,61.5,0,100.0,27743.6,554.9,51
258,259,deploy,2,103,13,303,85,85,62.7,0,100.0,28703.7,562.8,53
259,262,remove,2,54,8,188,86,0,61.9,0,100.0,28289.4,565.8,52
260,262,create,7,104,7,148,1,1,61.9,0,100.0,28289.4,565.8,52
261,262,create,5,105,18,522,21,21,61.9,0,100.0,28289.4,565.8,52
262,262,deploy,2,104,7,148,1,1,62.5,0,100.0,28659.2,561.9,53
263,262,deploy,2,105,18,522,21,21,64.6,0,100.0,29445.3,566.3,54
264,263,create,9,106,4,134,138,138,64.6,0,100.0,29445.3,566.3,54
265,263,remove,2,104,7,148,1,0,64.0,0,100.0,29075.5,570.1,53
266,263,deploy,2,106,4,134,138,138,64.6,0,100.0,29429.7,566.0,54
267,264,create,5,107,7,158,56,56,64.6,0,100.0,29429.7,566.0,54
268,264,deploy,2,107,7,158,56,56,65.2,0,100.0,29810.7,562.5,55
269,265,remove,2,25,17,392,155,0,63.6,0,100.0,29169.3,560.9,54
270,265,remove,2,60,16,406,75,0,62.0,0,100.0,28512.3,559.1,53
271,265,create,7,108,19,466,142,142,62.0,0,100.0,28512.3,559.1,53
272,265,deploy,2,108,19,466,142,142,63.9,0,100.0,29236.1,562.2,54
273,267,create,10,109,13,345,144,144,63.9,0,100.0,29236.1,562.2,54
274,267,deploy,2,109,13,345,144,144,65.2,0,100.0,29825.2,562.7,55
275,268,create,5,110,14,351,26,26,65.2,0,100.0,29825.2,562.7,55
276,268,create,10,111,13,303,45,45,65.2,0,100.0,29825.2,562.7,55
277,268,deploy,2,110,14,351,26,26,66.7,0,100.0,30420.9,563.4,56
278,268,deploy,2,111,13,303,45,45,67.9,0,100.0,30963.3,563.0,57
279,269,remove,2,79,12,280,50,0,66.7,0,100.0,30446.5,563.8,56
280,269,create,7,112,9,203,2,2,66.7,0,100.0,30446.5,563.8,56
281,269,create,5,113,4,95,257,257,66.7,0,100.0,30446.5,563.8,56
282,269,deploy,2,112,9,203,2,2,67.6,0,100.0,30877.6,561.4,57
283,269,deploy,2,113,4,95,257,257,67.9,0,100.0,31188.4,556.9,58
284,271,remove,2,87,13,341,37,0,66.6,0,100.0,30603.8,556.4,57
285,271,remove,2,112,9,203,2,0,65.8,0,100.0,30172.7,558.8,56
286,273,create,5,114,16,390,97,97,65.8,0,100.0,30172.7,558.8,56
287,273,deploy,2,114,16,390,97,97,67.3,0,100.0,30811.9,560.2,57
288,275,create,10,115,7,165,26,26,67.3,0,100.0,30811.9,560.2,57
289,275,deploy,2,115,7,165,26,26,68.0,0,100.0,31200.6,557.2,58
290,276,create,10,116,11,260,199,199,68.0,0,100.0,31200.6,557.2,58
291,276,deploy,2,116,11,260,199,199,69.0,0,100.0,31695.1,556.1,59
292,278,remove,2,98,11,263,24,0,68.0,0,100.0,31197.3,557.1,58
293,278,create,7,117,4,113,112,112,68.0,0,100.0,31197.3,557.1,58
294,278,deploy,2,117,4,113,112,112,68.4,0,100.0,31528.2,553.1,59
295,279,remove,2,86,18,472,46,0,66.5,0,100.0,30797.7,550.0,58
296,280,remove,2,43,13,340,129,0,65.2,0,100.0,30214.2,549.3,57
297,280,remove,2,91,11,292,41,0,64.0,0,100.0,29684.1,549.7,56
298,280,create,7,118,9,244,117,117,64.0,0,100.0,29684.1,549.7,56
299,280,deploy,2,118,9,244,117,117,65.0,0,100.0,30160.8,548.4,57
300,281,create,9,119,12,331,39,39,65.0,0,100.0,30160.8,548.4,57
301,281,deploy,2,119,12,331,39,39,66.3,0,100.0,30734.3,548.8,58
302,282,remove,2,37,16,330,141,0,65.0,0,100.0,30161.9,548.4,57
303,282,create,10,120,5,130,359,359,65.0,0,100.0,30161.9,548.4,57
304,282,deploy,2,120,5,130,359,359,65.5,0,100.0,30511.7,544.9,58
305,283,remove,2,105,18,522,21,0,63.4,0,100.0,29725.6,540.5,57
306,283,create,7,121,15,410,205,205,63.4,0,100.0,29725.6,540.5,57
307,283,deploy,2,121,15,410,205,205,65.1,0,100.0,30387.0,542.6,58
308,284,create,5,122,16,429,33,33,65.1,0,100.0,30387.0,542.6,58
309,284,deploy,2,122,16,429,33,33,66.8,0,100.0,31069.6,545.1,59
310,286,remove,2,80,14,389,62,0,65.2,0,100.0,30431.6,543.4,58
311,286,create,7,123,4,141,62,62,65.2,0,100.0,30431.6,543.4,58
312,286,deploy,2,123,4,141,62,62,65.8,0,100.0,30793.6,540.2,59
313,288,create,7,124,8,186,63,63,65.8,0,100.0,30793.6,540.2,59
314,288,deploy,2,124,8,186,63,63,66.5,0,100.0,31205.7,538.0,60
315,289,remove,2,96,6,169,37,0,65.8,0,100.0,30812.5,540.6,59
316,290,create,9,125,6,97,82,82,65.8,0,100.0,30812.5,540.6,59
317,290,deploy,2,125,6,97,82,82,66.2,0,100.0,31508.3,543.2,61
318,291,remove,2,92,12,274,52,0,65.1,0,100.0,30998.2,543.8,60
319,294,remove,2,110,14,351,26,0,63.7,0,100.0,30402.4,542.9,59
320,295,create,7,126,11,292,111,111,63.7,0,100.0,30402.4,542.9,59
321,295,create,9,127,16,387,378,378,63.7,0,100.0,30402.4,542.9,59
322,295,deploy,2,126,11,292,111,111,64.9,0,100.0,30932.5,542.7,60
323,295,deploy,2,127,16,387,378,378,66.5,0,100.0,31568.4,544.3,61
324,296,remove,2,73,13,305,86,0,65.2,0,100.0,31023.8,544.3,60
325,298,create,5,128,8,206,160,160,65.2,0,100.0,31023.8,544.3,60
326,298,deploy,2,128,8,206,160,160,66.1,0,100.0,31458.2,542.4,61
327,299,create,7,129,15,344,26,26,66.1,0,100.0,31458.2,542.4,61
328,299,deploy,2,129,15,344,26,26,67.4,0,100.0,32046.2,543.2,62
329,300,create,10,130,11,314,22,22,67.4,0,100.0,32046.2,543.2,62
330,300,deploy,2,130,11,314,22,22,68.7,0,100.0,32600.7,543.3,63
331,301,remove,2,102,7,181,43,0,68.0,0,100.0,32194.2,545.7,62
332,301,remove,2,115,7,165,26,0,67.3,0,100.0,31805.4,548.4,61
333,301,create,5,131,11,247,139,139,67.3,0,100.0,31805.4,548.4,61
334,301,deploy,2,131,11,247,139,139,68.3,0,100.0,32285.4,547.2,62
335,302,create,7,132,17,402,125,125,68.3,0,100.0,32285.4,547.2,62
336,302,deploy,2,132,17,402,125,125,69.9,0,100.0,32938.0,549.0,63
337,303,create,5,133,8,179,129,129,69.9,0,100.0,32938.0,549.0,63
338,303,create,7,134,12,270,1,1,69.9,0,100.0,32938.0,549.0,63
339,303,deploy,2,133,8,179,129,129,70.6,0,100.0,33342.3,546.6,64
340,303,deploy,2,134,12,270,1,1,71.7,0,100.0,33847.9,545.9,65
341,304,create,9,135,7,165,105,105,71.7,0,100.0,33847.9,545.9,65
342,304,create,10,136,12,314,70,70,71.7,0,100.0,33847.9,545.9,65
343,304,remove,2,134,12,270,1,0,70.6,0,100.0,33342.3,546.6,64
344,304,deploy,2,135,7,165,105,105,71.3,0,100.0,33731.0,544.0,65
345,304,deploy,2,136,12,314,70,70,72.5,0,100.0,34285.6,544.2,66
346,305,remove,2,36,5,119,167,0,72.1,0,100.0,33948.1,547.5,65
347,305,remove,2,66,19,514,100,0,70.0,0,100.0,33170.9,543.8,64
348,308,create,5,137,10,301,66,66,70.0,0,100.0,33170.9,543.8,64
349,308,deploy,2,137,10,301,66,66,71.2,0,100.0,33711.0,543.7,65
350,309,remove,2,10,5,127,252,0,70.7,0,100.0,33364.6,547.0,64
351,312,remove,2,101,16,439,56,0,68.9,0,100.0,32670.9,544.5,63
352,313,remove,2,85,10,254,85,0,67.9,0,100.0,32183.1,545.5,62
353,313,remove,2,111,13,303,45,0,66.7,0,100.0,31640.7,545.5,61
354,314,create,10,138,6,161,285,285,66.7,0,100.0,31640.7,545.5,61
355,314,create,5,139,18,445,19,19,66.7,0,100.0,31640.7,545.5,61
356,314,deploy,2,138,6,161,285,285,67.4,0,100.0,32276.2,547.1,63
357,314,deploy,2,139,18,445,19,19,69.1,0,100.0,32976.6,549.6,64
358,317,remove,2,122,16,429,33,0,67.4,0,100.0,32294.0,547.4,63
359,317,create,9,140,11,223,11,11,67.4,0,100.0,32294.0,547.4,63
360,317,create,10,141,18,435,103,103,67.4,0,100.0,32294.0,547.4,63
361,317,deploy,2,140,11,223,11,11,68.3,0,100.0,32747.3,545.8,64
362,317,deploy,2,141,18,435,103,103,70.1,0,100.0,33436.5,548.1,65
363,319,create,7,142,14,325,189,189,70.1,0,100.0,33436.5,548.1,65
364,319,create,10,143,19,482,75,75,70.1,0,100.0,33436.5,548.1,65
365,319,deploy,2,142,14,325,189,189,71.4,0,100.0,34003.4,548.4,66
366,319,deploy,2,143,19,482,75,75,73.3,0,100.0,34744.9,551.5,67
367,320,remove,2,107,7,158,56,0,72.6,0,100.0,34364.0,554.3,66
368,320,remove,2,119,12,331,39,0,71.3,0,100.0,33790.5,553.9,65
369,320,create,9,144,7,218,124,124,71.3,0,100.0,33790.5,553.9,65
370,320,deploy,2,144,7,218,124,124,72.2,0,100.0,34238.2,552.2,66
371,321,create,5,145,15,370,47,47,72.2,0,100.0,34238.2,552.2,66
372,321,create,9,146,18,435,69,69,72.2,0,100.0,34238.2,552.2,66
373,321,deploy,2,145,15,370,47,47,73.7,0,100.0,34855.1,553.3,67
374,321,deploy,2,146,18,435,69,69,75.4,0,100.0,35544.4,555.4,68
375,322,remove,2,130,11,314,22,0,74.2,0,100.0,34989.8,555.4,67
376,322,create,10,147,20,506,107,107,74.2,0,100.0,34989.8,555.4,67
377,322,deploy,2,147,20,506,107,107,76.2,0,100.0,35758.1,558.7,68
378,323,create,9,148,11,221,86,86,76.2,0,100.0,35758.1,558.7,68
379,323,deploy,2,148,11,221,86,86,77.1,0,100.0,36209.2,557.1,69
380,325,remove,2,129,15,344,26,0,75.7,0,100.0,35621.2,556.6,68
381,325,create,9,149,14,313,27,27,75.7,0,100.0,35621.2,556.6,68
382,325,deploy,2,149,14,313,27,27,76.9,0,100.0,36174.6,556.5,69
383,326,create,7,150,15,388,51,51,76.9,0,100.0,36174.6,556.5,69
384,326,deploy,2,150,15,388,51,51,78.5,0,100.0,36811.6,557.8,70
385,328,remove,2,140,11,223,11,0,77.6,0,100.0,36358.3,559.4,69
386,328,create,9,151,13,273,4,4,77.6,0,100.0,36358.3,559.4,69
387,328,deploy,2,151,13,273,4,4,78.7,0,100.0,36867.2,558.6,70
388,330,create,10,152,17,419,21,21,78.7,0,100.0,36867.2,558.6,70
389,330,deploy,2,152,17,419,21,21,80.4,0,100.0,37538.7,560.3,71
390,332,create,5,153,19,479,13,13,80.4,0,100.0,37538.7,560.3,71
391,332,create,7,154,6,166,5,5,80.4,0,100.0,37538.7,560.3,71
392,332,remove,2,151,13,273,4,0,79.3,0,100.0,37029.7,561.1,70
393,332,deploy,2,153,19,479,13,13,81.2,0,100.0,37768.0,563.7,71
394,332,deploy,2,154,6,166,5,5,81.9,0,100.0,38157.8,561.1,72
395,333,remove,2,139,18,445,19,0,80.1,0,100.0,37457.4,559.1,71
396,335,remove,2,55,20,532,150,0,78.0,0,100.0,36660.2,555.5,70
397,335,create,10,155,14,315,129,129,78.0,0,100.0,36660.2,555.5,70
398,335,deploy,2,155,14,315,129,129,79.2,0,100.0,37215.9,555.5,71
399,336,create,9,156,16,429,455,455,79.2,0,100.0,37215.9,555.5,71
400,336,deploy,2,156,16,429,455,455,80.9,0,100.0,37898.5,557.3,72
401,337,remove,2,154,6,166,5,0,80.3,0,100.0,37508.6,559.8,71
402,338,create,9,157,7,146,406,406,80.3,0,100.0,37508.6,559.8,71
403,338,deploy,2,157,7,146,406,406,80.8,0,100.0,37876.2,557.0,72
404,339,create,10,158,16,376,91,91,80.8,0,100.0,37876.2,557.0,72
405,339,deploy,2,158,16,376,91,91,82.4,0,100.0,38499.8,558.0,73
406,340,create,10,159,18,428,50,50,82.4,0,100.0,38499.8,558.0,73
407,340,deploy,2,159,18,428,50,50,84.1,0,100.0,39181.3,559.7,74
408,341,remove,2,94,9,266,93,0,83.0,0,100.0,38680.1,560.6,73
409,342,create,5,160,4,114,174,174,83.0,0,100.0,38680.1,560.6,73
410,342,deploy,2,160,4,114,174,174,83.5,0,100.0,39012.1,557.3,74
411,344,remove,2,103,13,303,85,0,82.2,0,100.0,38050.5,551.5,72
412,344,create,7,161,4,110,3,3,82.2,0,100.0,38050.5,551.5,72
413,344,create,9,162,17,422,77,77,82.2,0,100.0,38050.5,551.5,72
414,344,deploy,2,161,4,110,3,3,82.7,0,100.0,38378.0,548.3,73
415,344,deploy,2,162,17,422,77,77,84.4,0,100.0,39471.1,555.9,75
416,345,remove,2,74,14,346,133,0,83.0,0,100.0,38880.9,555.4,74
417,345,remove,2,153,19,479,13,0,81.1,0,100.0,38142.7,552.8,73
418,345,create,10,163,9,187,75,75,81.1,0,100.0,38142.7,552.8,73
419,345,create,7,164,11,334,329,329,81.1,0,100.0,38142.7,552.8,73
420,345,deploy,2,163,9,187,75,75,81.8,0,100.0,38555.9,550.8,74
421,345,deploy,2,164,11,334,329,329,83.2,0,100.0,39132.8,551.2,75
422,346,create,5,165,19,467,110,110,83.2,0,100.0,39132.8,551.2,75
423,346,deploy,2,165,19,467,110,110,85.0,0,100.0,39857.6,553.6,76
424,347,remove,2,161,4,110,3,0,84.6,0,100.0,39530.1,556.8,75
425,347,create,5,166,14,313,151,151,84.6,0,100.0,39530.1,556.8,75
426,347,deploy,2,166,14,313,151,151,85.8,0,100.0,40083.6,556.7,76
427,348,remove,2,123,4,141,62,0,85.3,0,100.0,39721.6,559.5,75
428,348,create,7,167,5,121,197,197,85.3,0,100.0,39721.6,559.5,75
429,348,create,5,168,13,324,17,17,85.3,0,100.0,39721.6,559.5,75
430,348,deploy,2,167,5,121,197,197,85.8,0,100.0,40061.3,556.4,76
431,348,deploy,2,168,13,324,17,17,87.1,0,100.0,40627.0,556.5,77
432,349,remove,2,56,9,219,163,0,86.2,0,100.0,40178.2,558.0,76
433,349,create,10,169,15,384,534,534,86.2,0,100.0,40178.2,558.0,76
434,349,create,5,170,19,482,74,74,86.2,0,100.0,40178.2,558.0,76
435,349,deploy,2,169,15,384,534,534,87.7,0,100.0,40810.7,559.1,77
436,349,deploy,2,170,19,482,74,74,89.6,0,100.0,41552.3,561.5,78
437,350,create,9,171,8,212,3,3,89.6,0,100.0,41552.3,561.5,78
438,350,create,10,172,5,107,243,243,89.6,0,100.0,41552.3,561.5,78
439,350,deploy,2,171,8,212,3,3,90.5,0,100.0,41993.3,559.9,79
440,350,deploy,2,172,5,107,243,243,90.9,0,100.0,42317.5,556.8,80
441,351,remove,2,124,8,186,63,0,90.2,0,100.0,41905.4,558.7,79
442,351,remove,2,152,17,419,21,0,88.5,0,100.0,41233.9,557.2,78
443,351,create,7,173,12,279,27,27,88.5,0,100.0,41233.9,557.2,78
444,351,deploy,2,173,12,279,27,27,89.6,0,100.0,41749.6,556.7,79
445,352,remove,2,149,14,313,27,0,88.4,0,100.0,41196.1,556.7,78
446,352,create,5,174,10,209,424,424,88.4,0,100.0,41196.1,556.7,78
447,352,deploy,2,174,10,209,424,424,89.2,0,100.0,41633.8,555.1,79
448,353,create,9,175,12,315,57,57,89.2,0,100.0,41633.8,555.1,79
449,353,remove,2,171,8,212,3,0,88.3,0,100.0,41192.8,556.7,78
450,353,deploy,2,175,12,315,57,57,89.6,0,100.0,42078.9,561.1,80
451,356,create,5,176,5,122,246,246,89.6,0,100.0,42078.9,561.1,80
452,356,deploy,2,176,5,122,246,246,90.1,0,100.0,42419.8,558.2,81
453,358,create,9,177,20,497,80,80,90.1,0,100.0,42419.8,558.2,81
454,358,deploy,2,177,20,497,80,80,92.1,0,100.0,43178.1,560.8,82
455,359,create,9,178,8,199,16,16,92.1,0,100.0,43178.1,560.8,82
456,359,deploy,2,178,8,199,16,16,92.9,0,100.0,43604.7,559.0,83
457,360,create,7,179,19,461,7,7,92.9,0,100.0,43604.7,559.0,83
458,360,create,9,180,17,396,111,111,92.9,0,100.0,43604.7,559.0,83
459,360,deploy,2,179,19,461,7,7,94.7,0,100.0,44322.9,561.0,84
460,360,deploy,2,180,17,396,111,111,96.3,0,100.0,44968.7,562.1,85
461,361,remove,2,27,4,101,242,0,95.9,0,100.0,44651.2,565.2,84
462,361,remove,2,42,10,293,211,0,94.7,0,100.0,44120.0,565.6,83
463,363,create,7,181,8,226,68,68,94.7,0,100.0,44120.0,565.6,83
464,363,deploy,2,181,8,226,68,68,95.6,0,100.0,44576.6,564.3,84
465,364,create,7,182,10,236,106,106,95.6,0,100.0,44576.6,564.3,84
466,364,deploy,2,182,10,236,106,106,96.6,0,100.0,45044.4,563.1,85
467,365,remove,2,168,13,324,17,0,95.3,0,100.0,44478.7,563.0,84
468,365,create,5,183,4,85,119,119,95.3,0,100.0,44478.7,563.0,84
469,365,create,9,184,19,447,183,183,95.3,0,100.0,44478.7,563.0,84
470,365,deploy,2,183,4,85,119,119,95.6,0,100.0,44778.4,559.7,85
471,365,deploy,2,184,19,447,183,183,97.4,0,100.0,45820.5,565.7,87
472,366,remove,2,18,7,187,275,0,96.7,0,100.0,44982.1,562.3,85
473,366,remove,2,52,8,170,194,0,96.0,0,100.0,44587.8,564.4,84
474,366,create,9,185,14,297,84,84,96.0,0,100.0,44587.8,564.4,84
475,366,deploy,2,185,14,297,84,84,97.2,0,100.0,45123.4,564.0,85
476,367,remove,2,179,19,461,7,0,95.3,0,100.0,44405.3,562.1,84
477,367,create,7,186,12,350,270,270,95.3,0,100.0,44405.3,562.1,84
478,367,create,9,187,16,468,77,77,95.3,0,100.0,44405.3,562.1,84
479,367,deploy,2,186,12,350,270,270,96.7,0,100.0,44999.9,562.5,85
480,367,deploy,2,187,16,468,77,77,98.6,0,100.0,45725.9,564.5,86
481,368,remove,2,145,15,370,47,0,97.1,0,100.0,45109.0,563.9,85
482,368,create,10,188,8,194,379,379,97.1,0,100.0,45109.0,563.9,85
483,368,create,9,189,5,63,54,54,97.1,0,100.0,45109.0,563.9,85
484,368,deploy,2,188,8,194,379,379,97.9,0,100.0,45530.0,562.1,86
485,368,deploy,2,189,5,63,54,54,98.1,0,100.0,45805.2,558.6,87
486,370,remove,2,114,16,390,97,0,96.6,0,100.0,45166.1,557.6,86
487,370,create,5,190,5,100,138,138,96.6,0,100.0,45166.1,557.6,86
488,370,create,9,191,11,248,20,20,96.6,0,100.0,45166.1,557.6,86
489,370,deploy,2,190,5,100,138,138,97.0,0,100.0,45482.5,554.7,87
490,370,deploy,2,191,11,248,20,20,98.0,0,100.0,45963.6,553.8,88
491,371,remove,2,69,11,276,164,0,96.9,0,100.0,45451.3,554.3,87
492,372,remove,2,125,6,97,82,0,96.5,0,100.0,44713.0,552.0,85
493,372,create,7,192,12,301,57,57,96.5,0,100.0,44713.0,552.0,85
494,372,deploy,2,192,12,301,57,57,97.7,0,100.0,45253.2,551.9,86
495,373,create,9,193,5,110,70,70,97.7,0,100.0,45253.2,551.9,86
496,373,deploy,2,193,5,110,70,70,98.1,0,100.0,45580.7,549.2,87
497,374,remove,2,136,12,314,70,0,96.9,0,100.0,45026.1,549.1,86
498,374,remove,2,137,10,301,66,0,95.7,0,100.0,44486.0,549.2,85
499,374,create,5,194,20,556,88,88,95.7,0,100.0,44486.0,549.2,85
500,374,create,7,195,14,323,99,99,95.7,0,100.0,44486.0,549.2,85
501,374,create,9,196,15,394,77,77,95.7,0,100.0,44486.0,549.2,85
502,374,deploy,2,194,20,556,88,88,97.9,0,100.0,45309.9,552.6,86
503,374,deploy,2,195,14,323,99,99,99.2,0,100.0,46160.9,556.2,88
504,374,deploy,2,196,15,394,77,77,100.8,0,100.0,46804.5,557.2,89
505,375,remove,2,82,8,184,150,0,100.0,0,100.0,46394.6,559.0,88
506,375,remove,2,178,8,199,16,0,99.2,0,100.0,45968.0,560.6,87
507,375,create,5,197,12,279,17,17,99.2,0,100.0,45968.0,560.6,87
508,375,deploy,2,197,12,279,17,17,100.3,0,100.0,46483.6,560.0,88
509,377,remove,2,150,15,388,51,0,98.8,0,100.0,45846.7,559.1,87
510,378,remove,2,173,12,279,27,0,97.7,0,100.0,45331.1,559.6,86
511,379,create,9,198,7,218,474,474,97.7,0,100.0,45331.1,559.6,86
512,379,deploy,2,198,7,218,474,474,98.6,0,100.0,45778.8,558.3,87
513,380,remove,2,33,16,411,249,0,96.9,0,100.0,45116.3,557.0,86
514,380,create,10,199,10,202,179,179,96.9,0,100.0,45116.3,557.0,86
515,380,deploy,2,199,10,202,179,179,97.7,0,100.0,45546.2,555.4,87
516,382,create,9,200,13,284,118,118,97.7,0,100.0,45546.2,555.4,87
517,382,deploy,2,200,13,284,118,118,98.9,0,100.0,46067.4,555.0,88
518,383,remove,2,84,5,98,155,0,98.5,0,100.0,45753.2,558.0,87
519,384,remove,2,75,4,88,171,0,98.1,0,100.0,45450.2,561.1,86
520,384,create,10,201,20,534,97,97,98.1,0,100.0,45450.2,561.1,86
521,384,deploy,2,201,20,534,97,97,100.2,0,100.0,46249.6,564.0,87
522,386,create,7,202,13,298,66,66,100.2,0,100.0,46249.6,564.0,87
523,386,create,5,203,14,334,606,606,100.2,0,100.0,46249.6,564.0,87
524,386,drop,-,202,13,298,66,66,100.2,0,99.5,46249.6,564.0,87
525,386,drop,-,203,14,334,606,606,100.2,0,99.0,46249.6,564.0,87
526,387,create,5,204,8,243,396,396,100.2,0,99.0,46249.6,564.0,87
527,387,drop,-,204,8,243,396,396,100.2,0,98.5,46249.6,564.0,87
528,388,create,9,205,20,560,11,11,100.2,0,98.5,46249.6,564.0,87
529,388,drop,-,205,20,560,11,11,100.2,0,98.0,46249.6,564.0,87
530,389,create,10,206,12,261,177,177,100.2,0,98.0,46249.6,564.0,87
531,389,drop,-,206,12,261,177,177,100.2,0,97.6,46249.6,564.0,87
532,390,remove,2,117,4,113,112,0,99.8,0,97.6,45918.7,566.9,86
533,390,remove,2,146,18,435,69,0,98.1,0,97.6,45229.5,565.4,85
534,390,remove,2,159,18,428,50,0,96.3,0,97.6,44548.0,563.9,84
535,390,remove,2,191,11,248,20,0,95.3,0,97.6,44066.9,565.0,83
536,390,create,5,207,11,298,30,30,95.3,0,97.6,44066.9,565.0,83
537,390,deploy,2,207,11,298,30,30,96.5,0,97.6,44603.7,564.6,84
538,391,create,10,208,20,530,74,74,96.5,0,97.6,44603.7,564.6,84
539,391,create,5,209,11,286,4,4,96.5,0,97.6,44603.7,564.6,84
540,391,deploy,2,208,20,530,74,74,98.7,0,97.6,45729.1,571.6,86
541,391,deploy,2,209,11,286,4,4,99.8,0,97.6,46252.6,571.0,87
542,392,remove,2,197,12,279,17,0,98.7,0,97.6,45736.9,571.7,86
543,392,create,10,210,14,363,19,19,98.7,0,97.6,45736.9,571.7,86
544,392,deploy,2,210,14,363,19,19,100.1,0,97.6,46346.1,572.2,87
545,393,create,10,211,10,256,63,63,100.1,0,97.6,46346.1,572.2,87
546,393,drop,-,211,10,256,63,63,100.1,0,97.2,46346.1,572.2,87
547,394,remove,2,143,19,482,75,0,98.2,0,97.2,45604.5,570.1,86
548,394,create,7,212,12,322,7,7,98.2,0,97.2,45604.5,570.1,86
549,394,deploy,2,212,12,322,7,7,99.5,0,97.2,46168.0,570.0,87
550,395,remove,2,209,11,286,4,0,98.4,0,97.2,45644.6,570.6,86
551,395,create,10,213,15,397,60,60,98.4,0,97.2,45644.6,570.6,86
552,395,create,7,214,5,169,185,185,98.4,0,97.2,45644.6,570.6,86
553,395,deploy,2,213,15,397,60,60,99.9,0,97.2,46291.5,571.5,87
554,395,deploy,2,214,5,169,185,185,100.6,0,97.2,46684.7,569.3,88
555,397,remove,2,118,9,244,117,0,99.6,0,97.2,46208.0,570.5,87
556,397,create,9,215,13,288,58,58,99.6,0,97.2,46208.0,570.5,87
557,397,create,5,216,18,442,12,12,99.6,0,97.2,46208.0,570.5,87
558,397,deploy,2,215,13,288,58,58,100.8,0,97.2,46733.7,569.9,88
559,397,drop,-,216,18,442,12,12,100.8,0,96.8,46733.7,569.9,88
560,398,create,7,217,19,511,161,161,100.8,0,96.8,46733.7,569.9,88
561,398,create,9,218,20,522,183,183,100.8,0,96.8,46733.7,569.9,88
562,398,drop,-,217,19,511,161,161,100.8,0,96.3,46733.7,569.9,88
563,398,drop,-,218,20,522,183,183,100.8,0,95.9,46733.7,569.9,88
564,399,create,5,219,5,125,146,146,100.8,0,95.9,46733.7,569.9,88
565,399,drop,-,219,5,125,146,146,100.8,0,95.4,46733.7,569.9,88
566,401,remove,2,106,4,134,138,0,100.3,0,95.4,46379.4,572.6,87
567,401,remove,2,212,12,322,7,0,99.0,0,95.4,45816.0,572.7,86
568,401,create,10,220,10,282,60,60,99.0,0,95.4,45816.0,572.7,86
569,401,create,5,221,10,264,26,26,99.0,0,95.4,45816.0,572.7,86
570,401,deploy,2,220,10,282,60,60,100.1,0,95.5,46334.9,572.0,87
571,401,drop,-,221,10,264,26,26,100.1,0,95.0,46334.9,572.0,87
572,402,create,10,222,10,266,59,59,100.1,0,95.0,46334.9,572.0,87
573,402,drop,-,222,10,266,59,59,100.1,0,94.6,46334.9,572.0,87
574,405,create,10,223,9,265,3,3,100.1,0,94.6,46334.9,572.0,87
575,405,drop,-,223,9,265,3,3,100.1,0,94.2,46334.9,572.0,87
576,406,remove,2,126,11,292,111,0,98.9,0,94.2,45804.8,572.6,86
577,406,create,5,224,19,501,240,240,98.9,0,94.2,45804.8,572.6,86
578,406,deploy,2,224,19,501,240,240,100.9,0,94.2,46567.5,574.9,87
579,407,remove,2,108,19,466,142,0,99.1,0,94.2,45843.8,573.0,86
580,407,create,5,225,13,338,8,8,99.1,0,94.2,45843.8,573.0,86
581,407,deploy,2,225,13,338,8,8,100.4,0,94.2,46425.1,573.1,87
582,408,create,7,226,10,245,142,142,100.4,0,94.2,46425.1,573.1,87
583,408,drop,-,226,10,245,142,142,100.4,0,93.8,46425.1,573.1,87
584,409,remove,2,135,7,165,105,0,99.8,0,93.8,46036.3,575.5,86
585,409,remove,2,148,11,221,86,0,98.9,0,93.8,45585.3,577.0,85
586,409,create,9,227,19,449,198,198,98.9,0,93.8,45585.3,577.0,85
587,409,create,5,228,10,266,122,122,98.9,0,93.8,45585.3,577.0,85
588,409,deploy,2,227,19,449,198,198,100.7,0,93.8,46290.1,578.6,86
589,409,drop,-,228,10,266,122,122,100.7,0,93.4,46290.1,578.6,86
590,410,remove,2,175,12,315,57,0,99.4,0,93.4,45446.3,575.3,84
591,410,create,9,229,9,229,187,187,99.4,0,93.4,45446.3,575.3,84
592,410,deploy,2,229,9,229,187,187,100.3,0,93.4,45906.2,573.8,85
593,411,remove,2,89,13,261,173,0,99.3,0,93.4,45410.6,574.8,84
594,411,remove,2,109,13,345,144,0,97.9,0,93.4,44821.6,574.6,83
595,411,remove,2,210,14,363,19,0,96.5,0,93.4,44212.4,574.2,82
596,411,create,5,230,4,130,15,15,96.5,0,93.4,44212.4,574.2,82
597,411,deploy,2,230,4,130,15,15,97.0,0,93.5,44562.2,571.3,83
598,413,create,5,231,18,503,70,70,97.0,0,93.5,44562.2,571.3,83
599,413,deploy,2,231,18,503,70,70,99.0,0,93.5,45327.2,573.8,84
600,415,remove,2,225,13,338,8,0,97.6,0,93.5,44745.9,573.7,83
601,416,create,9,232,12,346,38,38,97.6,0,93.5,44745.9,573.7,83
602,416,deploy,2,232,12,346,38,38,99.0,0,93.5,45336.1,573.9,84
603,417,create,10,233,14,384,191,191,99.0,0,93.5,45336.1,573.9,84
604,417,deploy,2,233,14,384,191,191,100.6,0,93.6,45968.6,574.6,85
605,420,remove,2,141,18,435,103,0,98.8,0,93.6,45279.3,573.2,84
606,420,remove,2,163,9,187,75,0,98.1,0,93.6,44866.1,575.2,83
607,420,remove,2,207,11,298,30,0,96.9,0,93.6,44329.3,575.7,82
608,420,create,10,234,5,146,16,16,96.9,0,93.6,44329.3,575.7,82
609,420,deploy,2,234,5,146,16,16,97.5,0,93.6,44696.9,573.0,83
610,421,remove,2,162,17,422,77,0,95.8,0,93.6,43647.5,566.9,81
611,421,create,7,235,10,261,21,21,95.8,0,93.6,43647.5,566.9,81
612,421,create,9,236,5,106,36,36,95.8,0,93.6,43647.5,566.9,81
613,421,deploy,2,235,10,261,21,21,96.8,0,93.6,44143.1,565.9,82
614,421,deploy,2,236,5,106,36,36,97.2,0,93.6,44466.1,562.9,83
615,422,remove,2,189,5,63,54,0,97.0,0,93.6,44190.9,566.6,82
616,423,remove,2,170,19,482,74,0,95.1,0,93.6,43449.3,564.3,81
617,423,create,5,237,14,287,223,223,95.1,0,93.6,43449.3,564.3,81
618,423,deploy,2,237,14,287,223,223,96.2,0,93.7,43973.9,563.8,82
619,424,create,7,238,15,376,66,66,96.2,0,93.7,43973.9,563.8,82
620,424,deploy,2,238,15,376,66,66,97.7,0,93.7,44597.5,564.5,83
621,425,create,10,239,16,371,29,29,97.7,0,93.7,44597.5,564.5,83
622,425,create,5,240,19,393,1,1,97.7,0,93.7,44597.5,564.5,83
623,425,deploy,2,239,16,371,29,29,99.2,0,93.7,45215.5,565.2,84
624,425,deploy,2,240,19,393,1,1,100.8,0,93.8,45858.0,566.1,85
625,426,remove,2,230,4,130,15,0,100.2,0,93.8,45508.2,568.9,84
626,426,create,5,241,10,226,99,99,100.2,0,93.8,45508.2,568.9,84
627,426,remove,2,240,19,393,1,0,98.7,0,93.8,44865.7,567.9,83
628,426,deploy,2,241,10,226,99,99,99.6,0,93.8,45322.3,566.5,84
629,427,remove,2,132,17,402,125,0,98.0,0,93.8,44669.8,565.4,83
630,427,create,10,242,19,494,105,105,98.0,0,93.8,44669.8,565.4,83
631,427,deploy,2,242,19,494,105,105,99.9,0,93.8,45424.7,567.8,84
632,428,create,7,243,9,215,275,275,99.9,0,93.8,45424.7,567.8,84
633,428,deploy,2,243,9,215,275,275,100.8,0,93.8,45869.1,566.3,85
634,429,remove,2,147,20,506,107,0,98.8,0,93.8,45100.8,563.8,84
635,429,remove,2,192,12,301,57,0,97.6,0,93.8,44560.7,564.1,83
636,429,create,5,244,18,470,185,185,97.6,0,93.8,44560.7,564.1,83
637,429,deploy,2,244,18,470,185,185,99.5,0,93.9,45288.9,566.1,84
638,430,remove,2,158,16,376,91,0,98.0,0,93.9,44665.4,565.4,83
639,430,create,5,245,16,391,152,152,98.0,0,93.9,44665.4,565.4,83
640,430,deploy,2,245,16,391,152,152,99.5,0,93.9,45305.6,566.3,84
641,431,remove,2,181,8,226,68,0,98.6,0,93.9,44849.0,567.7,83
642,431,create,10,246,18,521,56,56,98.6,0,93.9,44849.0,567.7,83
643,431,create,7,247,17,346,62,62,98.6,0,93.9,44849.0,567.7,83
644,431,create,5,248,5,110,118,118,98.6,0,93.9,44849.0,567.7,83
645,431,deploy,2,246,18,521,56,56,100.7,0,93.9,45634.0,570.4,84
646,431,drop,-,247,17,346,62,62,100.7,0,93.5,45634.0,570.4,84
647,431,drop,-,248,5,110,118,118,100.7,0,93.1,45634.0,570.4,84
648,432,remove,2,133,8,179,129,0,100.0,0,93.1,45229.6,572.5,83
649,432,create,7,249,19,440,86,86,100.0,0,93.1,45229.6,572.5,83
650,432,drop,-,249,19,440,86,86,100.0,0,92.8,45229.6,572.5,83
651,433,create,9,250,10,268,77,77,100.0,0,92.8,45229.6,572.5,83
652,433,create,7,251,19,402,36,36,100.0,0,92.8,45229.6,572.5,83
653,433,drop,-,250,10,268,77,77,100.0,0,92.4,45229.6,572.5,83
654,433,drop,-,251,19,402,36,36,100.0,0,92.0,45229.6,572.5,83
655,434,create,5,252,5,131,143,143,100.0,0,92.0,45229.6,572.5,83
656,434,create,7,253,14,318,10,10,100.0,0,92.0,45229.6,572.5,83
657,434,drop,-,252,5,131,143,143,100.0,0,91.7,45229.6,572.5,83
658,434,drop,-,253,14,318,10,10,100.0,0,91.3,45229.6,572.5,83
659,435,create,9,254,19,453,7,7,100.0,0,91.3,45229.6,572.5,83
660,435,drop,-,254,19,453,7,7,100.0,0,90.9,45229.6,572.5,83
661,436,remove,2,234,5,146,16,0,99.4,0,90.9,44862.1,575.2,82
662,436,create,10,255,4,120,35,35,99.4,0,90.9,44862.1,575.2,82
663,436,deploy,2,255,4,120,35,35,99.9,0,91.0,45200.7,572.2,83
664,437,create,5,256,10,269,14,14,99.9,0,91.0,45200.7,572.2,83
665,437,deploy,2,256,10,269,14,14,101.0,0,91.0,45705.2,571.3,84
666,438,remove,2,177,20,497,80,0,99.0,0,91.0,44946.9,568.9,83
667,438,create,7,257,7,161,18,18,99.0,0,91.0,44946.9,568.9,83
668,438,create,5,258,10,259,26,26,99.0,0,91.0,44946.9,568.9,83
669,438,deploy,2,257,7,161,18,18,99.6,0,91.1,45331.2,566.6,84
670,438,deploy,2,258,10,259,26,26,100.6,0,91.1,45824.6,565.7,85
671,439,create,7,259,17,454,127,127,100.6,0,91.1,45824.6,565.7,85
672,439,drop,-,259,17,454,127,127,100.6,0,90.7,45824.6,565.7,85
673,440,remove,2,131,11,247,139,0,99.7,0,90.7,45344.6,566.8,84
674,440,create,10,260,18,442,140,140,99.7,0,90.7,45344.6,566.8,84
675,440,deploy,2,260,18,442,140,140,101.4,0,90.8,46041.6,568.4,85
676,441,create,7,261,18,458,91,91,101.4,0,90.8,46041.6,568.4,85
677,441,drop,-,261,18,458,91,91,101.4,0,90.4,46041.6,568.4,85
678,442,remove,2,235,10,261,21,0,100.4,0,90.4,45546.0,569.3,84
679,442,create,9,262,5,146,362,362,100.4,0,90.4,45546.0,569.3,84
680,442,create,7,263,4,79,129,129,100.4,0,90.4,45546.0,569.3,84
681,442,drop,-,262,5,146,362,362,100.4,0,90.1,45546.0,569.3,84
682,442,drop,-,263,4,79,129,129,100.4,0,89.7,45546.0,569.3,84
683,443,remove,2,67,19,503,238,0,98.4,0,89.7,44781.1,566.8,83
684,443,remove,2,193,5,110,70,0,97.9,0,89.7,44453.6,569.9,82
685,443,create,5,264,4,95,135,135,97.9,0,89.7,44453.6,569.9,82
686,443,create,9,265,7,185,341,341,97.9,0,89.7,44453.6,569.9,82
687,443,deploy,2,264,4,95,135,135,98.3,0,89.8,44764.4,566.6,83
688,443,deploy,2,265,7,185,341,341,99.1,0,89.8,45175.4,564.7,84
689,444,remove,2,144,7,218,124,0,98.2,0,89.8,44727.7,566.2,83
690,444,remove,2,187,16,468,77,0,96.3,0,89.8,44001.7,564.1,82
691,446,create,7,266,15,372,159,159,96.3,0,89.8,44001.7,564.1,82
692,446,create,9,267,19,478,282,282,96.3,0,89.8,44001.7,564.1,82
693,446,deploy,2,266,15,372,159,159,97.8,0,89.8,44620.8,564.8,83
694,446,deploy,2,267,19,478,282,282,99.7,0,89.9,45358.0,567.0,84
695,447,create,10,268,14,386,226,226,99.7,0,89.9,45358.0,567.0,84
696,447,deploy,2,268,14,386,226,226,101.3,0,89.9,45992.7,567.8,85
697,450,remove,2,185,14,297,84,0,100.1,0,89.9,45457.0,568.2,84
698,450,create,7,269,17,368,143,143,100.1,0,89.9,45457.0,568.2,84
699,450,create,10,270,11,270,6,6,100.1,0,89.9,45457.0,568.2,84
700,450,drop,-,269,17,368,143,143,100.1,0,89.6,45457.0,568.2,84
701,450,drop,-,270,11,270,6,6,100.1,0,89.3,45457.0,568.2,84
702,451,remove,2,196,15,394,77,0,98.5,0,89.3,44813.4,567.3,83
703,451,remove,2,256,10,269,14,0,97.4,0,89.3,44308.9,568.1,82
704,451,create,7,271,7,206,122,122,97.4,0,89.3,44308.9,568.1,82
705,451,create,10,272,8,205,132,132,97.4,0,89.3,44308.9,568.1,82
706,451,deploy,2,271,7,206,122,122,98.2,0,89.3,44743.3,566.4,83
707,451,deploy,2,272,8,205,132,132,99.1,0,89.3,45176.5,564.7,84
708,452,create,7,273,10,264,20,20,99.1,0,89.3,45176.5,564.7,84
709,452,create,10,274,15,394,264,264,99.1,0,89.3,45176.5,564.7,84
710,452,deploy,2,273,10,264,20,20,100.1,0,89.4,45675.5,563.9,85
711,452,drop,-,274,15,394,264,264,100.1,0,89.1,45675.5,563.9,85
712,453,create,5,275,12,275,58,58,100.1,0,89.1,45675.5,563.9,85
713,453,create,7,276,15,370,25,25,100.1,0,89.1,45675.5,563.9,85
714,453,drop,-,275,12,275,58,58,100.1,0,88.7,45675.5,563.9,85
715,453,drop,-,276,15,370,25,25,100.1,0,88.4,45675.5,563.9,85
716,454,remove,2,232,12,346,38,0,98.7,0,88.4,45085.3,563.6,84
717,454,remove,2,239,16,371,29,0,97.2,0,88.4,44467.2,562.9,83
718,454,create,5,277,4,109,127,127,97.2,0,88.4,44467.2,562.9,83
719,454,deploy,2,277,4,109,127,127,97.7,0,88.4,44793.7,559.9,84
720,455,remove,2,213,15,397,60,0,96.1,0,88.4,44146.7,558.8,83
721,455,remove,2,215,13,288,58,0,94.9,0,88.4,43621.1,559.2,82
722,455,create,7,278,8,197,314,314,94.9,0,88.4,43621.1,559.2,82
723,455,deploy,2,278,8,197,314,314,95.7,0,88.5,44045.4,557.5,83
724,456,remove,2,165,19,467,110,0,93.9,0,88.5,43320.5,555.4,82
725,456,remove,2,257,7,161,18,0,93.2,0,88.5,42936.3,557.6,81
726,456,create,9,279,12,288,70,70,93.2,0,88.5,42936.3,557.6,81
727,456,create,5,280,5,125,5,5,93.2,0,88.5,42936.3,557.6,81
728,456,create,7,281,20,523,95,95,93.2,0,88.5,42936.3,557.6,81
729,456,deploy,2,279,12,288,70,70,94.4,0,88.5,43461.9,557.2,82
730,456,deploy,2,280,5,125,5,5,94.9,0,88.6,43806.1,554.5,83
731,456,deploy,2,281,20,523,95,95,97.0,0,88.6,44593.3,557.4,84
732,457,remove,2,236,5,106,36,0,96.5,0,88.6,44270.2,560.4,83
733,458,remove,2,128,8,206,160,0,95.7,0,88.6,43835.9,562.0,82
734,458,create,7,282,13,288,67,67,95.7,0,88.6,43835.9,562.0,82
735,458,deploy,2,282,13,288,67,67,96.9,0,88.7,44361.5,561.5,83
736,459,remove,2,46,11,308,302,0,95.6,0,88.7,43813.6,561.7,82
737,459,create,5,283,8,204,18,18,95.6,0,88.7,43813.6,561.7,82
738,459,deploy,2,283,8,204,18,18,96.4,0,88.7,44245.8,560.1,83
739,460,create,10,284,17,428,50,50,96.4,0,88.7,44245.8,560.1,83
740,460,deploy,2,284,17,428,50,50,98.2,0,88.7,44927.2,561.6,84
741,461,remove,2,220,10,282,60,0,97.0,0,88.7,44408.3,562.1,83
742,461,create,9,285,10,230,125,125,97.0,0,88.7,44408.3,562.1,83
743,461,remove,2,280,5,125,5,0,96.5,0,88.7,44064.0,564.9,82
744,461,deploy,2,285,10,230,125,125,97.5,0,88.8,44525.1,563.6,83
745,462,remove,2,194,20,556,88,0,95.2,0,88.8,43701.2,560.3,82
746,462,create,7,286,9,214,26,26,95.2,0,88.8,43701.2,560.3,82
747,462,create,9,287,7,150,92,92,95.2,0,88.8,43701.2,560.3,82
748,462,deploy,2,286,9,214,26,26,96.1,0,88.8,44144.5,558.8,83
749,462,deploy,2,287,7,150,92,92,96.7,0,88.9,44516.5,556.5,84
750,463,create,10,288,10,264,188,188,96.7,0,88.9,44516.5,556.5,84
751,463,deploy,2,288,10,264,188,188,97.7,0,88.9,45015.5,555.7,85
752,464,remove,2,99,6,118,209,0,97.3,0,88.9,44679.0,558.5,84
753,464,remove,2,155,14,315,129,0,96.0,0,88.9,44123.3,558.5,83
754,464,remove,2,258,10,259,26,0,95.0,0,88.9,43630.0,559.4,82
755,464,create,9,289,13,320,4,4,95.0,0,88.9,43630.0,559.4,82
756,464,deploy,2,289,13,320,4,4,96.3,0,88.9,44191.2,559.4,83
757,465,remove,2,208,20,530,74,0,94.1,0,88.9,43064.0,552.1,81
758,466,create,10,290,20,448,31,31,94.1,0,88.9,43064.0,552.1,81
759,466,deploy,2,290,20,448,31,31,95.9,0,89.0,43767.8,554.0,82
760,468,remove,2,289,13,320,4,0,94.6,0,89.0,43206.5,553.9,81
761,469,create,9,291,7,231,63,63,94.6,0,89.0,43206.5,553.9,81
762,469,deploy,2,291,7,231,63,63,95.6,0,89.0,43668.7,552.8,82
763,470,remove,2,182,10,236,106,0,94.6,0,89.0,43200.9,553.9,81
764,470,create,9,292,10,248,691,691,94.6,0,89.0,43200.9,553.9,81
765,470,deploy,2,292,10,248,691,691,95.6,0,89.0,43682.1,552.9,82
766,471,remove,2,180,17,396,111,0,94.0,0,89.0,43036.2,551.7,81
767,471,remove,2,255,4,120,35,0,93.6,0,89.0,42697.6,554.5,80
768,471,create,9,293,9,215,132,132,93.6,0,89.0,42697.6,554.5,80
769,471,deploy,2,293,9,215,132,132,94.4,0,89.1,43142.0,553.1,81
770,472,remove,2,273,10,264,20,0,93.4,0,89.1,42643.0,553.8,80
771,473,remove,2,195,14,323,99,0,92.1,0,89.1,41702.9,548.7,78
772,473,create,10,294,18,468,56,56,92.1,0,89.1,41702.9,548.7,78
773,473,deploy,2,294,18,468,56,56,93.9,0,89.1,42428.9,551.0,79
774,474,create,5,295,15,399,393,393,93.9,0,89.1,42428.9,551.0,79
775,474,create,7,296,10,275,259,259,93.9,0,89.1,42428.9,551.0,79
776,474,create,9,297,16,441,1,1,93.9,0,89.1,42428.9,551.0,79
777,474,create,10,298,4,93,94,94,93.9,0,89.1,42428.9,551.0,79
778,474,deploy,2,295,15,399,393,393,95.5,0,89.2,43078.1,552.3,80
779,474,deploy,2,296,10,275,259,259,96.6,0,89.2,43589.3,551.8,81
780,474,deploy,2,297,16,441,1,1,98.4,0,89.2,44705.0,558.8,83
781,474,deploy,2,298,4,93,94,94,98.8,0,89.3,45013.6,555.7,84
782,475,remove,2,116,11,260,199,0,97.7,0,89.3,44519.1,556.5,83
783,475,remove,2,297,16,441,1,0,96.0,0,89.3,43403.4,549.4,81
784,477,remove,2,283,8,204,18,0,95.1,0,89.3,42971.3,550.9,80
785,477,create,10,299,5,96,64,64,95.1,0,89.3,42971.3,550.9,80
786,477,deploy,2,299,5,96,64,64,95.5,0,89.3,43283.2,547.9,81
787,478,create,7,300,20,533,14,14,95.5,0,89.3,43283.2,547.9,81
788,478,deploy,2,300,20,533,14,14,97.7,0,89.3,44501.3,556.3,83
789,481,remove,2,201,20,534,97,0,95.5,0,89.3,43701.9,553.2,82
790,481,create,5,301,17,449,62,62,95.5,0,89.3,43701.9,553.2,82
791,481,deploy,2,301,17,449,62,62,97.3,0,89.4,44406.7,555.1,83
792,482,create,9,302,20,514,163,163,97.3,0,89.4,44406.7,555.1,83
793,482,create,7,303,14,336,90,90,97.3,0,89.4,44406.7,555.1,83
794,482,deploy,2,302,20,514,163,163,99.4,0,89.4,45183.9,557.8,84
795,482,deploy,2,303,14,336,90,90,100.7,0,89.4,45763.0,558.1,85
796,483,remove,2,231,18,503,70,0,98.7,0,89.4,44998.0,555.5,84
797,483,create,5,304,8,184,37,37,98.7,0,89.4,44998.0,555.5,84
798,483,deploy,2,304,8,184,37,37,99.4,0,89.5,45407.9,553.8,85
799,484,remove,2,183,4,85,119,0,99.1,0,89.5,45108.2,556.9,84
800,485,create,9,305,16,420,65,65,99.1,0,89.5,45108.2,556.9,84
801,485,deploy,2,305,16,420,65,65,100.8,0,89.5,45780.8,558.3,85
802,486,create,7,306,5,132,13,13,100.8,0,89.5,45780.8,558.3,85
803,486,create,9,307,19,477,585,585,100.8,0,89.5,45780.8,558.3,85
804,486,drop,-,306,5,132,13,13,100.8,0,89.2,45780.8,558.3,85
805,486,drop,-,307,19,477,585,585,100.8,0,88.9,45780.8,558.3,85
806,487,remove,2,246,18,521,56,0,98.7,0,88.9,44995.8,555.5,84
807,487,create,7,308,7,183,10,10,98.7,0,88.9,44995.8,555.5,84
808,487,deploy,2,308,7,183,10,10,99.4,0,89.0,45404.6,553.7,85
809,488,remove,2,121,15,410,205,0,97.8,0,89.0,44743.1,552.4,84
810,488,remove,2,286,9,214,26,0,96.9,0,89.0,44299.9,553.7,83
811,488,create,10,309,9,179,74,74,96.9,0,89.0,44299.9,553.7,83
812,488,deploy,2,309,9,179,74,74,97.7,0,89.0,44704.2,551.9,84
813,489,create,9,310,20,485,42,42,97.7,0,89.0,44704.2,551.9,84
814,489,deploy,2,310,20,485,42,42,99.6,0,89.0,45449.1,554.3,85
815,490,remove,2,238,15,376,66,0,98.1,0,89.0,44825.5,553.4,84
816,490,create,7,311,7,166,130,130,98.1,0,89.0,44825.5,553.4,84
817,490,create,10,312,15,392,624,624,98.1,0,89.0,44825.5,553.4,84
818,490,deploy,2,311,7,166,130,130,98.8,0,89.1,45215.4,551.4,85
819,490,deploy,2,312,15,392,624,624,100.3,0,89.1,45856.8,552.5,86
820,491,create,10,313,10,230,402,402,100.3,0,89.1,45856.8,552.5,86
821,491,drop,-,313,10,230,402,402,100.3,0,88.8,45856.8,552.5,86
822,492,remove,2,58,11,307,305,0,99.1,0,88.8,45310.0,552.6,85
823,492,remove,2,300,20,533,14,0,97.0,0,88.8,44091.9,544.3,83
824,492,create,9,314,17,383,166,166,97.0,0,88.8,44091.9,544.3,83
825,492,create,7,315,13,290,52,52,97.0,0,88.8,44091.9,544.3,83
826,492,deploy,2,314,17,383,166,166,98.5,0,88.9,45143.0,550.5,85
827,492,deploy,2,315,13,290,52,52,99.7,0,88.9,45670.9,550.3,86
828,493,create,7,316,17,415,24,24,99.7,0,88.9,45670.9,550.3,86
829,493,deploy,2,316,17,415,24,24,101.3,0,88.9,46337.9,551.6,87
830,495,create,10,317,5,139,129,129,101.3,0,88.9,46337.9,551.6,87
831,495,drop,-,317,5,139,129,129,101.3,0,88.6,46337.9,551.6,87
832,496,create,9,318,13,336,738,738,101.3,0,88.6,46337.9,551.6,87
833,496,drop,-,318,13,336,738,738,101.3,0,88.4,46337.9,551.6,87
834,497,remove,2,290,20,448,31,0,99.5,0,88.4,45634.2,549.8,86
835,497,create,5,319,20,435,17,17,99.5,0,88.4,45634.2,549.8,86
836,497,remove,2,308,7,183,10,0,98.8,0,88.4,45225.4,551.5,85
837,497,create,10,320,11,225,59,59,98.8,0,88.4,45225.4,551.5,85
838,497,deploy,2,319,20,435,17,17,100.5,0,88.4,45914.6,553.2,86
839,497,drop,-,320,11,225,59,59,100.5,0,88.1,45914.6,553.2,86
840,498,remove,2,166,14,313,151,0,99.3,0,88.1,45361.2,553.2,85
841,500,remove,2,200,13,284,118,0,98.1,0,88.1,44840.0,553.6,84
842,500,create,7,321,6,117,9,9,98.1,0,88.1,44840.0,553.6,84
843,500,create,5,322,7,159,54,54,98.1,0,88.1,44840.0,553.6,84
844,500,deploy,2,321,6,117,9,9,98.6,0,88.2,45175.3,550.9,85
845,500,deploy,2,322,7,159,54,54,99.2,0,88.2,45557.4,548.9,86
846,501,create,10,323,7,150,8,8,99.2,0,88.2,45557.4,548.9,86
847,501,deploy,2,323,7,150,8,8,99.8,0,88.2,45929.4,546.8,87
848,502,create,7,324,14,294,91,91,99.8,0,88.2,45929.4,546.8,87
849,502,deploy,2,324,14,294,91,91,101.0,0,88.3,46461.7,546.6,88
850,503,create,5,325,15,393,127,127,101.0,0,88.3,46461.7,546.6,88
851,503,create,7,326,15,345,144,144,101.0,0,88.3,46461.7,546.6,88
852,503,drop,-,325,15,393,127,127,101.0,0,88.0,46461.7,546.6,88
853,503,drop,-,326,15,345,144,144,101.0,0,87.7,46461.7,546.6,88
854,504,create,5,327,7,191,131,131,101.0,0,87.7,46461.7,546.6,88
855,504,drop,-,327,7,191,131,131,101.0,0,87.5,46461.7,546.6,88
856,506,create,10,328,6,150,240,240,101.0,0,87.5,46461.7,546.6,88
857,506,create,7,329,11,291,19,19,101.0,0,87.5,46461.7,546.6,88
858,506,drop,-,328,6,150,240,240,101.0,0,87.2,46461.7,546.6,88
859,506,drop,-,329,11,291,19,19,101.0,0,86.9,46461.7,546.6,88
860,507,create,5,330,19,456,138,138,101.0,0,86.9,46461.7,546.6,88
861,507,create,10,331,15,323,125,125,101.0,0,86.9,46461.7,546.6,88
862,507,drop,-,330,19,456,138,138,101.0,0,86.7,46461.7,546.6,88
863,507,drop,-,331,15,323,125,125,101.0,0,86.4,46461.7,546.6,88
864,508,remove,2,142,14,325,189,0,99.7,0,86.4,45894.9,546.4,87
865,508,remove,2,190,5,100,138,0,99.3,0,86.4,45578.5,549.1,86
866,508,create,9,332,13,345,94,94,99.3,0,86.4,45578.5,549.1,86
867,508,deploy,2,332,13,345,94,94,100.7,0,86.4,46167.6,549.6,87
868,509,remove,2,321,6,117,9,0,100.2,0,86.4,45832.3,552.2,86
869,509,remove,2,323,7,150,8,0,99.6,0,86.4,45460.2,554.4,85
870,509,create,5,333,18,373,155,155,99.6,0,86.4,45460.2,554.4,85
871,509,create,9,334,6,172,684,684,99.6,0,86.4,45460.2,554.4,85
872,509,deploy,2,333,18,373,155,155,101.1,0,86.5,46080.5,555.2,86
873,509,drop,-,334,6,172,684,684,101.1,0,86.2,46080.5,555.2,86
874,510,remove,2,40,19,465,365,0,99.3,0,86.2,45357.8,553.1,85
875,510,remove,2,284,17,428,50,0,97.6,0,86.2,44676.4,551.6,84
876,510,create,7,335,4,110,21,21,97.6,0,86.2,44676.4,551.6,84
877,510,deploy,2,335,4,110,21,21,98.0,0,86.3,45003.9,548.8,85
878,512,create,5,336,16,371,106,106,98.0,0,86.3,45003.9,548.8,85
879,512,deploy,2,336,16,371,106,106,99.5,0,86.3,45621.9,549.7,86
880,513,remove,2,14,5,149,440,0,98.9,0,86.3,45251.0,551.8,85
881,513,create,9,337,19,446,120,120,98.9,0,86.3,45251.0,551.8,85
882,513,create,5,338,16,456,89,89,98.9,0,86.3,45251.0,551.8,85
883,513,deploy,2,337,19,446,120,120,100.7,0,86.4,45952.5,553.6,86
884,513,drop,-,338,16,456,89,89,100.7,0,86.1,45952.5,553.6,86
885,514,remove,2,319,20,435,17,0,98.9,0,86.1,45263.2,552.0,85
886,515,create,10,339,13,380,243,243,98.9,0,86.1,45263.2,552.0,85
887,515,deploy,2,339,13,380,243,243,100.4,0,86.1,45891.3,552.9,86
888,516,remove,2,160,4,114,174,0,100.0,0,86.1,45559.3,555.6,85
889,516,create,7,340,11,260,37,37,100.0,0,86.1,45559.3,555.6,85
890,516,create,5,341,6,184,48,48,100.0,0,86.1,45559.3,555.6,85
891,516,drop,-,340,11,260,37,37,100.0,0,85.9,45559.3,555.6,85
892,516,drop,-,341,6,184,48,48,100.0,0,85.6,45559.3,555.6,85
893,517,remove,2,316,17,415,24,0,98.3,0,85.6,44892.3,554.2,84
894,517,create,10,342,13,306,227,227,98.3,0,85.6,44892.3,554.2,84
895,517,deploy,2,342,13,306,227,227,99.6,0,85.7,45438.0,554.1,85
896,518,create,10,343,16,464,269,269,99.6,0,85.7,45438.0,554.1,85
897,518,deploy,2,343,16,464,269,269,101.4,0,85.7,46159.5,556.1,86
898,519,create,9,344,16,439,25,25,101.4,0,85.7,46159.5,556.1,86
899,519,drop,-,344,16,439,25,25,101.4,0,85.5,46159.5,556.1,86
900,520,remove,2,304,8,184,37,0,100.7,0,85.5,45749.6,557.9,85
901,521,create,7,345,5,149,143,143,100.7,0,85.5,45749.6,557.9,85
902,521,drop,-,345,5,149,143,143,100.7,0,85.2,45749.6,557.9,85
903,522,remove,2,76,17,408,309,0,99.0,0,85.2,45090.4,556.7,84
904,522,create,9,346,6,151,34,34,99.0,0,85.2,45090.4,556.7,84
905,522,create,7,347,12,275,130,130,99.0,0,85.2,45090.4,556.7,84
906,522,deploy,2,346,6,151,34,34,99.6,0,85.3,45463.6,554.4,85
907,522,deploy,2,347,12,275,130,130,100.7,0,85.3,45974.7,553.9,86
908,523,create,10,348,4,123,1,1,100.7,0,85.3,45974.7,553.9,86
909,523,create,9,349,10,253,21,21,100.7,0,85.3,45974.7,553.9,86
910,523,create,7,350,8,181,190,190,100.7,0,85.3,45974.7,553.9,86
911,523,drop,-,348,4,123,1,1,100.7,0,85.1,45974.7,553.9,86
912,523,drop,-,349,10,253,21,21,100.7,0,84.8,45974.7,553.9,86
913,523,drop,-,350,8,181,190,190,100.7,0,84.6,45974.7,553.9,86
914,524,create,5,351,20,468,435,435,100.7,0,84.6,45974.7,553.9,86
915,524,create,10,352,10,248,97,97,100.7,0,84.6,45974.7,553.9,86
916,524,create,9,353,4,96,20,20,100.7,0,84.6,45974.7,553.9,86
917,524,create,7,354,11,264,36,36,100.7,0,84.6,45974.7,553.9,86
918,524,drop,-,351,20,468,435,435,100.7,0,84.3,45974.7,553.9,86
919,524,drop,-,352,10,248,97,97,100.7,0,84.1,45974.7,553.9,86
920,524,drop,-,353,4,96,20,20,100.7,0,83.9,45974.7,553.9,86
921,524,drop,-,354,11,264,36,36,100.7,0,83.6,45974.7,553.9,86
922,525,remove,2,241,10,226,99,0,99.8,0,83.6,45518.1,555.1,85
923,525,remove,2,282,13,288,67,0,98.7,0,83.6,44992.4,555.5,84
924,526,remove,2,100,14,355,270,0,97.3,0,83.6,44392.2,554.9,83
925,526,remove,2,113,4,95,257,0,96.9,0,83.6,44081.4,558.0,82
926,526,remove,2,279,12,288,70,0,95.7,0,83.6,43555.8,558.4,81
927,526,create,7,355,5,109,60,60,95.7,0,83.6,43555.8,558.4,81
928,526,deploy,2,355,5,109,60,60,96.2,0,83.7,43882.2,555.5,82
929,527,create,5,356,7,214,119,119,96.2,0,83.7,43882.2,555.5,82
930,527,deploy,2,356,7,214,119,119,97.0,0,83.7,44325.5,554.1,83
931,528,remove,2,23,9,208,420,0,96.2,0,83.7,43888.8,555.6,82
932,528,remove,2,77,16,388,313,0,94.6,0,83.7,43251.9,554.5,81
933,528,create,7,357,5,126,30,30,94.6,0,83.7,43251.9,554.5,81
934,528,create,5,358,15,371,41,41,94.6,0,83.7,43251.9,554.5,81
935,528,deploy,2,357,5,126,30,30,95.2,0,83.8,43597.2,551.9,82
936,528,deploy,2,358,15,371,41,41,96.6,0,83.8,44215.3,552.7,83
937,529,remove,2,294,18,468,56,0,94.8,0,83.8,43489.3,550.5,82
938,529,create,10,359,9,227,13,13,94.8,0,83.8,43489.3,550.5,82
939,529,deploy,2,359,9,227,13,13,95.7,0,83.8,43947.0,549.3,83
940,530,create,5,360,17,398,282,282,95.7,0,83.8,43947.0,549.3,83
941,530,deploy,2,360,17,398,282,282,97.3,0,83.9,44595.1,550.6,84
942,531,remove,2,310,20,485,42,0,95.3,0,83.9,43850.2,548.1,83
943,531,remove,2,335,4,110,21,0,94.9,0,83.9,43522.7,550.9,82
944,531,create,9,361,17,440,1,1,94.9,0,83.9,43522.7,550.9,82
945,531,deploy,2,361,17,440,1,1,96.6,0,83.9,44217.5,552.7,83
946,532,remove,2,242,19,494,105,0,94.7,0,83.9,43462.6,550.2,82
947,532,remove,2,291,7,231,63,0,93.7,0,83.9,43000.4,551.3,81
948,532,create,7,362,4,116,419,419,93.7,0,83.9,43000.4,551.3,81
949,532,remove,2,361,17,440,1,0,92.0,0,83.9,42305.5,549.4,80
950,532,deploy,2,362,4,116,419,419,92.4,0,84.0,42639.8,546.7,81
951,534,create,7,363,20,480,45,45,92.4,0,84.0,42639.8,546.7,81
952,534,deploy,2,363,20,480,45,45,94.4,0,84.0,43379.1,549.1,82
953,535,create,5,364,6,140,138,138,94.4,0,84.0,43379.1,549.1,82
954,535,deploy,2,364,6,140,138,138,94.9,0,84.1,43740.0,546.8,83
955,536,create,10,365,5,187,49,49,94.9,0,84.1,43740.0,546.8,83
956,536,create,5,366,11,258,121,121,94.9,0,84.1,43740.0,546.8,83
957,536,deploy,2,365,5,187,49,49,95.7,0,84.1,44153.2,545.1,84
958,536,deploy,2,366,11,258,121,121,96.7,0,84.2,44645.5,544.5,85
959,537,create,10,367,11,304,118,118,96.7,0,84.2,44645.5,544.5,85
960,537,create,5,368,11,258,130,130,96.7,0,84.2,44645.5,544.5,85
961,537,deploy,2,367,11,304,118,118,97.9,0,84.2,45189.0,544.4,86
962,537,deploy,2,368,11,258,130,130,99.0,0,84.2,45681.2,543.8,87
963,538,create,7,369,12,249,116,116,99.0,0,84.2,45681.2,543.8,87
964,538,create,10,370,13,313,135,135,99.0,0,84.2,45681.2,543.8,87
965,538,deploy,2,369,12,249,116,116,100.0,0,84.3,46163.4,543.1,88
966,538,drop,-,370,13,313,135,135,100.0,0,84.1,46163.4,543.1,88
967,540,create,5,371,18,451,16,16,100.0,0,84.1,46163.4,543.1,88
968,540,create,10,372,4,87,27,27,100.0,0,84.1,46163.4,543.1,88
969,540,drop,-,371,18,451,16,16,100.0,0,83.8,46163.4,543.1,88
970,540,deploy,2,372,4,87,27,27,100.3,0,83.9,46465.4,540.3,89
971,541,remove,2,299,5,96,64,0,99.9,0,83.9,46153.4,543.0,88
972,541,create,10,373,7,169,88,88,99.9,0,83.9,46153.4,543.0,88
973,541,deploy,2,373,7,169,88,88,100.6,0,83.9,46546.6,541.2,89
974,542,remove,2,359,9,227,13,0,99.7,0,83.9,46088.9,542.2,88
975,542,create,9,374,14,332,11,11,99.7,0,83.9,46088.9,542.2,88
976,542,create,5,375,13,320,16,16,99.7,0,83.9,46088.9,542.2,88
977,542,create,10,376,8,181,55,55,99.7,0,83.9,46088.9,542.2,88
978,542,deploy,2,374,14,332,11,11,101.0,0,84.0,46663.5,542.6,89
979,542,drop,-,375,13,320,16,16,101.0,0,83.7,46663.5,542.6,89
980,542,drop,-,376,8,181,55,55,101.0,0,83.5,46663.5,542.6,89
981,543,remove,2,301,17,449,62,0,99.2,0,83.5,45958.7,540.7,88
982,543,create,7,377,7,155,69,69,99.2,0,83.5,45958.7,540.7,88
983,543,create,5,378,17,455,617,617,99.2,0,83.5,45958.7,540.7,88
984,543,create,10,379,13,341,178,178,99.2,0,83.5,45958.7,540.7,88
985,543,deploy,2,377,7,155,69,69,99.8,0,83.6,46336.3,538.8,89
986,543,deploy,2,378,17,455,617,617,101.7,0,83.6,47047.8,540.8,90
987,543,drop,-,379,13,341,178,178,101.7,0,83.4,47047.8,540.8,90
988,544,remove,2,315,13,290,52,0,100.5,0,83.4,46519.9,540.9,89
989,545,remove,2,167,5,121,197,0,100.0,0,83.4,46180.1,543.3,88
990,546,remove,2,48,20,583,386,0,97.7,0,83.4,45326.2,539.6,87
991,546,create,9,380,19,493,211,211,97.7,0,83.4,45326.2,539.6,87
992,546,create,7,381,8,154,285,285,97.7,0,83.4,45326.2,539.6,87
993,546,deploy,2,380,19,493,211,211,99.7,0,83.4,46080.0,542.1,88
994,546,deploy,2,381,8,154,285,285,100.3,0,83.5,46839.2,544.6,90
995,547,create,5,382,6,160,96,96,100.3,0,83.5,46839.2,544.6,90
996,547,create,10,383,6,121,12,12,100.3,0,83.5,46839.2,544.6,90
997,547,drop,-,382,6,160,96,96,100.3,0,83.2,46839.2,544.6,90
998,547,drop,-,383,6,121,12,12,100.3,0,83.0,46839.2,544.6,90
999,548,remove,2,62,17,399,357,0,98.7,0,83.0,46190.0,543.4,89
1000,548,remove,2,184,19,447,183,0,96.9,0,83.0,45193.8,538.0,87
1001,548,create,9,384,18,456,30,30,96.9,0,83.0,45193.8,538.0,87
1002,548,deploy,2,384,18,456,30,30,98.7,0,83.1,45906.5,540.1,88
1003,549,create,7,385,12,322,112,112,98.7,0,83.1,45906.5,540.1,88
1004,549,create,5,386,12,229,201,201,98.7,0,83.1,45906.5,540.1,88
1005,549,create,9,387,12,309,17,17,98.7,0,83.1,45906.5,540.1,88
1006,549,deploy,2,385,12,322,112,112,100.0,0,83.1,46469.9,540.3,89
1007,549,drop,-,386,12,229,201,201,100.0,0,82.9,46469.9,540.3,89
1008,549,drop,-,387,12,309,17,17,100.0,0,82.7,46469.9,540.3,89
1009,550,remove,2,305,16,420,65,0,98.3,0,82.7,45797.4,538.8,88
1010,550,create,5,388,19,492,331,331,98.3,0,82.7,45797.4,538.8,88
1011,550,deploy,2,388,19,492,331,331,100.3,0,82.7,46550.1,541.3,89
1012,551,remove,2,281,20,523,95,0,98.2,0,82.7,45762.9,538.4,88
1013,551,create,5,389,17,433,62,62,98.2,0,82.7,45762.9,538.4,88
1014,551,deploy,2,389,17,433,62,62,99.9,0,82.8,46449.9,540.1,89
1015,552,create,10,390,14,371,112,112,99.9,0,82.8,46449.9,540.1,89
1016,552,deploy,2,390,14,371,112,112,101.4,0,82.8,47067.9,541.0,90
1017,553,remove,2,374,14,332,11,0,100.1,0,82.8,46493.3,540.6,89
1018,553,create,9,391,20,521,8,8,100.1,0,82.8,46493.3,540.6,89
1019,553,create,5,392,9,190,134,134,100.1,0,82.8,46493.3,540.6,89
1020,553,drop,-,391,20,521,8,8,100.1,0,82.6,46493.3,540.6,89
1021,553,drop,-,392,9,190,134,134,100.1,0,82.4,46493.3,540.6,89
1022,554,remove,2,287,7,150,92,0,99.5,0,82.4,46121.3,542.6,88
1023,554,remove,2,322,7,159,54,0,98.8,0,82.4,45739.2,544.5,87
1024,554,create,7,393,14,345,62,62,98.8,0,82.4,45739.2,544.5,87
1025,554,create,10,394,5,127,48,48,98.8,0,82.4,45739.2,544.5,87
1026,554,deploy,2,393,14,345,62,62,100.2,0,82.4,46328.3,545.0,88
1027,554,drop,-,394,5,127,48,48,100.2,0,82.2,46328.3,545.0,88
1028,555,create,10,395,12,283,42,42,100.2,0,82.2,46328.3,545.0,88
1029,555,drop,-,395,12,283,42,42,100.2,0,82.0,46328.3,545.0,88
1030,556,remove,2,346,6,151,34,0,99.6,0,82.0,45955.1,547.1,87
1031,556,create,7,396,19,452,85,85,99.6,0,82.0,45955.1,547.1,87
1032,556,deploy,2,396,19,452,85,85,101.4,0,82.1,46663.3,549.0,88
1033,557,create,9,397,6,134,5,5,101.4,0,82.1,46663.3,549.0,88
1034,557,create,7,398,16,349,141,141,101.4,0,82.1,46663.3,549.0,88
1035,557,drop,-,397,6,134,5,5,101.4,0,81.9,46663.3,549.0,88
1036,557,drop,-,398,16,349,141,141,101.4,0,81.7,46663.3,549.0,88
1037,558,remove,2,357,5,126,30,0,100.9,0,81.7,46318.0,551.4,87
1038,558,create,5,399,8,189,34,34,100.9,0,81.7,46318.0,551.4,87
1039,558,drop,-,399,8,189,34,34,100.9,0,81.5,46318.0,551.4,87
1040,559,remove,2,199,10,202,179,0,100.1,0,81.5,45888.0,552.9,86
1041,559,create,9,400,12,298,40,40,100.1,0,81.5,45888.0,552.9,86
1042,559,create,5,401,9,262,247,247,100.1,0,81.5,45888.0,552.9,86
1043,559,drop,-,400,12,298,40,40,100.1,0,81.2,45888.0,552.9,86
1044,559,drop,-,401,9,262,247,247,100.1,0,81.0,45888.0,552.9,86
1045,560,create,10,402,4,96,100,100,100.1,0,81.0,45888.0,552.9,86
1046,560,create,5,403,8,210,145,145,100.1,0,81.0,45888.0,552.9,86
1047,560,drop,-,402,4,96,100,100,100.1,0,80.8,45888.0,552.9,86
1048,560,drop,-,403,8,210,145,145,100.1,0,80.6,45888.0,552.9,86
1049,561,create,10,404,11,223,128,128,100.1,0,80.6,45888.0,552.9,86
1050,561,drop,-,404,11,223,128,128,100.1,0,80.4,45888.0,552.9,86
1051,562,remove,2,309,9,179,74,0,99.4,0,80.4,45483.7,554.7,85
1052,563,remove,2,68,16,430,357,0,97.7,0,80.4,44800.0,553.1,84
1053,563,create,9,405,20,506,295,295,97.7,0,80.4,44800.0,553.1,84
1054,563,deploy,2,405,20,506,295,295,99.7,0,80.5,45568.3,555.7,85
1055,564,create,7,406,4,87,98,98,99.7,0,80.5,45568.3,555.7,85
1056,564,deploy,2,406,4,87,98,98,100.1,0,80.5,45870.2,552.7,86
1057,565,create,7,407,6,150,25,25,100.1,0,80.5,45870.2,552.7,86
1058,565,drop,-,407,6,150,25,25,100.1,0,80.3,45870.2,552.7,86
1059,566,remove,2,93,18,449,322,0,98.3,0,80.3,45165.4,550.8,85
1060,566,create,7,408,16,384,61,61,98.3,0,80.3,45165.4,550.8,85
1061,566,deploy,2,408,16,384,61,61,99.8,0,80.4,45797.9,551.8,86
1062,567,remove,2,372,4,87,27,0,99.4,0,80.4,45496.0,554.8,85
1063,567,create,7,409,6,159,167,167,99.4,0,80.4,45496.0,554.8,85
1064,567,deploy,2,409,6,159,167,167,100.1,0,80.4,45878.0,552.7,86
1065,568,remove,2,298,4,93,94,0,99.7,0,80.4,45569.4,555.7,85
1066,568,create,7,410,17,496,45,45,99.7,0,80.4,45569.4,555.7,85
1067,568,deploy,2,410,17,496,45,45,101.7,0,80.5,46326.6,558.2,86
1068,569,remove,2,358,15,371,41,0,100.2,0,80.5,45708.5,557.4,85
1069,569,create,5,411,11,262,137,137,100.2,0,80.5,45708.5,557.4,85
1070,569,create,10,412,11,249,210,210,100.2,0,80.5,45708.5,557.4,85
1071,569,drop,-,411,11,262,137,137,100.2,0,80.3,45708.5,557.4,85
1072,569,drop,-,412,11,249,210,210,100.2,0,80.1,45708.5,557.4,85
1073,571,create,9,413,6,148,2,2,100.2,0,80.1,45708.5,557.4,85
1074,571,drop,-,413,6,148,2,2,100.2,0,79.9,45708.5,557.4,85
1075,572,remove,2,303,14,336,90,0,98.9,0,79.9,45129.5,557.2,84
1076,573,remove,2,271,7,206,122,0,98.0,0,79.9,44695.1,558.7,83
1077,573,create,9,414,14,372,150,150,98.0,0,79.9,44695.1,558.7,83
1078,573,deploy,2,414,14,372,150,150,99.5,0,80.0,45314.2,559.4,84
1079,574,create,10,415,7,200,74,74,99.5,0,80.0,45314.2,559.4,84
1080,574,deploy,2,415,7,200,74,74,100.3,0,80.0,45741.9,557.8,85
1081,575,create,9,416,8,194,203,203,100.3,0,80.0,45741.9,557.8,85
1082,575,create,10,417,17,370,8,8,100.3,0,80.0,45741.9,557.8,85
1083,575,drop,-,416,8,194,203,203,100.3,0,79.8,45741.9,557.8,85
1084,575,drop,-,417,17,370,8,8,100.3,0,79.6,45741.9,557.8,85
1085,576,create,7,418,13,315,136,136,100.3,0,79.6,45741.9,557.8,85
1086,576,drop,-,418,13,315,136,136,100.3,0,79.4,45741.9,557.8,85
1087,577,create,9,419,20,483,21,21,100.3,0,79.4,45741.9,557.8,85
1088,577,create,7,420,18,455,14,14,100.3,0,79.4,45741.9,557.8,85
1089,577,drop,-,419,20,483,21,21,100.3,0,79.2,45741.9,557.8,85
1090,577,drop,-,420,18,455,14,14,100.3,0,79.0,45741.9,557.8,85
1091,578,remove,2,264,4,95,135,0,99.9,0,79.0,45431.1,560.9,84
1092,578,remove,2,384,18,456,30,0,98.1,0,79.0,44718.5,559.0,83
1093,578,create,5,421,20,478,42,42,98.1,0,79.0,44718.5,559.0,83
1094,578,create,9,422,18,415,268,268,98.1,0,79.0,44718.5,559.0,83
1095,578,deploy,2,421,20,478,42,42,100.0,0,79.1,45455.6,561.2,84
1096,578,drop,-,422,18,415,268,268,100.0,0,78.9,45455.6,561.2,84
1097,579,remove,2,363,20,480,45,0,98.1,0,78.9,44716.2,559.0,83
1098,580,remove,2,214,5,169,185,0,97.4,0,78.9,44323.0,561.1,82
1099,580,remove,2,260,18,442,140,0,95.7,0,78.9,43626.0,559.3,81
1100,580,create,7,423,10,263,74,74,95.7,0,78.9,43626.0,559.3,81
1101,580,deploy,2,423,10,263,74,74,96.7,0,79.0,44123.8,558.5,82
1102,581,remove,2,277,4,109,127,0,96.3,0,79.0,43797.4,561.5,81
1103,581,create,5,424,4,108,85,85,96.3,0,79.0,43797.4,561.5,81
1104,581,create,9,425,7,133,33,33,96.3,0,79.0,43797.4,561.5,81
1105,581,deploy,2,424,4,108,85,85,96.7,0,79.0,44122.7,558.5,82
1106,581,deploy,2,425,7,133,33,33,97.3,0,79.1,44475.8,555.9,83
1107,582,remove,2,245,16,391,152,0,95.7,0,79.1,43835.5,554.9,82
1108,582,create,9,426,15,362,85,85,95.7,0,79.1,43835.5,554.9,82
1109,582,deploy,2,426,15,362,85,85,97.1,0,79.1,44443.6,555.5,83
1110,583,remove,2,272,8,205,132,0,96.3,0,79.1,44010.3,557.1,82
1111,583,create,7,427,11,315,14,14,96.3,0,79.1,44010.3,557.1,82
1112,583,deploy,2,427,11,315,14,14,97.6,0,79.2,44566.0,557.1,83
1113,585,remove,2,365,5,187,49,0,96.8,0,79.2,44152.8,558.9,82
1114,585,create,9,428,15,414,44,44,96.8,0,79.2,44152.8,558.9,82
1115,585,deploy,2,428,15,414,44,44,98.5,0,79.2,44818.6,560.2,83
1116,586,remove,2,285,10,230,125,0,97.6,0,79.2,44357.5,561.5,82
1117,586,remove,2,355,5,109,60,0,97.1,0,79.2,44031.1,564.5,81
1118,586,create,10,429,13,295,182,182,97.1,0,79.2,44031.1,564.5,81
1119,586,create,5,430,16,352,168,168,97.1,0,79.2,44031.1,564.5,81
1120,586,create,7,431,16,392,118,118,97.1,0,79.2,44031.1,564.5,81
1121,586,deploy,2,429,13,295,182,182,98.3,0,79.3,44564.6,564.1,82
1122,586,deploy,2,430,16,352,168,168,99.7,0,79.3,45161.4,564.5,83
1123,586,deploy,2,431,16,392,118,118,101.3,0,79.4,45802.8,565.5,84
1124,587,create,10,432,14,367,235,235,101.3,0,79.4,45802.8,565.5,84
1125,587,create,5,433,18,432,78,78,101.3,0,79.4,45802.8,565.5,84
1126,587,create,7,434,14,354,19,19,101.3,0,79.4,45802.8,565.5,84
1127,587,drop,-,432,14,367,235,235,101.3,0,79.2,45802.8,565.5,84
1128,587,drop,-,433,18,432,78,78,101.3,0,79.0,45802.8,565.5,84
1129,587,drop,-,434,14,354,19,19,101.3,0,78.8,45802.8,565.5,84
1130,588,create,10,435,5,152,27,27,101.3,0,78.8,45802.8,565.5,84
1131,588,create,5,436,13,317,21,21,101.3,0,78.8,45802.8,565.5,84
1132,588,drop,-,435,5,152,27,27,101.3,0,78.6,45802.8,565.5,84
1133,588,drop,-,436,13,317,21,21,101.3,0,78.4,45802.8,565.5,84
1134,589,create,9,437,9,232,140,140,101.3,0,78.4,45802.8,565.5,84
1135,589,create,10,438,8,188,15,15,101.3,0,78.4,45802.8,565.5,84
1136,589,drop,-,437,9,232,140,140,101.3,0,78.3,45802.8,565.5,84
1137,589,drop,-,438,8,188,15,15,101.3,0,78.1,45802.8,565.5,84
1138,590,create,7,439,7,184,61,61,101.3,0,78.1,45802.8,565.5,84
1139,590,create,9,440,4,88,151,151,101.3,0,78.1,45802.8,565.5,84
1140,590,drop,-,439,7,184,61,61,101.3,0,77.9,45802.8,565.5,84
1141,590,drop,-,440,4,88,151,151,101.3,0,77.7,45802.8,565.5,84
1142,591,create,10,441,6,176,173,173,101.3,0,77.7,45802.8,565.5,84
1143,591,create,7,442,12,311,137,137,101.3,0,77.7,45802.8,565.5,84
1144,591,create,9,443,15,412,152,152,101.3,0,77.7,45802.8,565.5,84
1145,591,drop,-,441,6,176,173,173,101.3,0,77.6,45802.8,565.5,84
1146,591,drop,-,442,12,311,137,137,101.3,0,77.4,45802.8,565.5,84
1147,591,drop,-,443,15,412,152,152,101.3,0,77.2,45802.8,565.5,84
1148,593,remove,2,172,5,107,243,0,100.9,0,77.2,45478.6,568.5,83
1149,593,remove,2,324,14,294,91,0,99.7,0,77.2,44946.3,568.9,82
1150,593,create,10,444,5,122,135,135,99.7,0,77.2,44946.3,568.9,82
1151,593,deploy,2,444,5,122,135,135,100.2,0,77.3,45287.2,566.1,83
1152,594,create,5,445,13,345,40,40,100.2,0,77.3,45287.2,566.1,83
1153,594,drop,-,445,13,345,40,40,100.2,0,77.1,45287.2,566.1,83
1154,595,create,7,446,7,147,141,141,100.2,0,77.1,45287.2,566.1,83
1155,595,drop,-,446,7,147,141,141,100.2,0,76.9,45287.2,566.1,83
1156,597,remove,2,229,9,229,187,0,99.3,0,76.9,44827.2,567.4,82
1157,597,remove,2,427,11,315,14,0,98.0,0,76.9,44271.5,567.6,81
1158,597,create,7,447,9,206,56,56,98.0,0,76.9,44271.5,567.6,81
1159,597,deploy,2,447,9,206,56,56,98.8,0,77.0,44705.9,565.9,82
1160,598,create,7,448,10,255,91,91,98.8,0,77.0,44705.9,565.9,82
1161,598,deploy,2,448,10,255,91,91,99.8,0,77.0,45194.8,564.9,83
1162,599,remove,2,138,6,161,285,0,99.2,0,77.0,44472.8,562.9,81
1163,601,create,9,449,5,115,197,197,99.2,0,77.0,44472.8,562.9,81
1164,601,create,5,450,17,431,17,17,99.2,0,77.0,44472.8,562.9,81
1165,601,deploy,2,449,5,115,197,197,99.7,0,77.1,44805.9,560.1,82
1166,601,deploy,2,450,17,431,17,17,101.4,0,77.1,45490.7,561.6,83
1167,602,remove,2,176,5,122,246,0,100.9,0,77.1,45149.8,564.4,82
1168,602,remove,2,332,13,345,94,0,99.5,0,77.1,44560.8,564.1,81
1169,602,create,10,451,15,376,253,253,99.5,0,77.1,44560.8,564.1,81
1170,602,create,9,452,18,477,10,10,99.5,0,77.1,44560.8,564.1,81
1171,602,deploy,2,451,15,376,253,253,101.0,0,77.2,45184.3,564.8,82
1172,602,drop,-,452,18,477,10,10,101.0,0,77.0,45184.3,564.8,82
1173,603,remove,2,293,9,215,132,0,100.2,0,77.0,44740.0,566.3,81
1174,603,create,7,453,17,492,160,160,100.2,0,77.0,44740.0,566.3,81
1175,603,create,10,454,19,490,185,185,100.2,0,77.0,44740.0,566.3,81
1176,603,create,9,455,6,146,24,24,100.2,0,77.0,44740.0,566.3,81
1177,603,drop,-,453,17,492,160,160,100.2,0,76.8,44740.0,566.3,81
1178,603,drop,-,454,19,490,185,185,100.2,0,76.7,44740.0,566.3,81
1179,603,drop,-,455,6,146,24,24,100.2,0,76.5,44740.0,566.3,81
1180,604,create,5,456,9,206,62,62,100.2,0,76.5,44740.0,566.3,81
1181,604,create,7,457,10,235,2,2,100.2,0,76.5,44740.0,566.3,81
1182,604,create,10,458,12,302,366,366,100.2,0,76.5,44740.0,566.3,81
1183,604,drop,-,456,9,206,62,62,100.2,0,76.3,44740.0,566.3,81
1184,604,drop,-,457,10,235,2,2,100.2,0,76.1,44740.0,566.3,81
1185,604,drop,-,458,12,302,366,366,100.2,0,76.0,44740.0,566.3,81
1186,605,remove,2,266,15,372,159,0,98.7,0,76.0,44120.8,565.7,80
1187,607,remove,2,227,19,449,198,0,96.9,0,76.0,43416.0,563.8,79
1188,608,remove,2,233,14,384,191,0,95.3,0,76.0,42783.5,562.9,78
1189,608,create,5,459,11,284,69,69,95.3,0,76.0,42783.5,562.9,78
1190,608,create,7,460,15,421,873,873,95.3,0,76.0,42783.5,562.9,78
1191,608,deploy,2,459,11,284,69,69,96.5,0,76.0,43304.7,562.4,79
1192,608,deploy,2,460,15,421,873,873,98.2,0,76.1,43978.4,563.8,80
1193,609,create,9,461,4,81,156,156,98.2,0,76.1,43978.4,563.8,80
1194,609,create,10,462,9,239,53,53,98.2,0,76.1,43978.4,563.8,80
1195,609,deploy,2,461,4,81,156,156,98.5,0,76.1,44273.6,560.4,81
1196,609,deploy,2,462,9,239,53,53,99.4,0,76.2,44744.7,559.3,82
1197,612,remove,2,377,7,155,69,0,98.8,0,76.2,44367.1,561.6,81
1198,613,remove,2,389,17,433,62,0,97.1,0,76.2,43680.1,560.0,80
1199,613,remove,2,410,17,496,45,0,95.1,0,76.2,42922.9,557.4,79
1200,613,create,10,463,9,241,31,31,95.1,0,76.2,42922.9,557.4,79
1201,613,deploy,2,463,9,241,31,31,96.1,0,76.2,43396.3,556.4,80
1202,614,remove,2,244,18,470,185,0,94.2,0,76.2,42668.0,554.1,79
1203,614,remove,2,425,7,133,33,0,93.6,0,76.2,42314.9,556.8,78
1204,614,create,9,464,8,156,142,142,93.6,0,76.2,42314.9,556.8,78
1205,614,deploy,2,464,8,156,142,142,94.3,0,76.3,42693.6,554.5,79
1206,616,remove,2,393,14,345,62,0,92.9,0,76.3,42104.6,554.0,78
1207,618,remove,2,336,16,371,106,0,91.4,0,76.3,41486.5,553.2,77
1208,618,remove,2,450,17,431,17,0,89.7,0,76.3,40801.7,551.4,76
1209,619,create,5,465,10,204,138,138,89.7,0,76.3,40801.7,551.4,76
1210,619,deploy,2,465,10,204,138,138,90.5,0,76.3,41233.9,549.8,77
1211,620,remove,2,311,7,166,130,0,89.8,0,76.3,40844.0,551.9,76
1212,620,remove,2,421,20,478,42,0,87.9,0,76.3,40106.9,549.4,75
1213,621,create,5,466,18,401,43,43,87.9,0,76.3,40106.9,549.4,75
1214,621,deploy,2,466,18,401,43,43,89.5,0,76.4,40758.3,550.8,76
1215,622,create,5,467,10,247,200,200,89.5,0,76.4,40758.3,550.8,76
1216,622,deploy,2,467,10,247,200,200,90.5,0,76.4,41238.3,549.8,77
1217,623,create,9,468,18,456,216,216,90.5,0,76.4,41238.3,549.8,77
1218,623,deploy,2,468,18,456,216,216,92.3,0,76.5,41951.0,552.0,78
1219,624,create,7,469,14,363,201,201,92.3,0,76.5,41951.0,552.0,78
1220,624,deploy,2,469,14,363,201,201,93.8,0,76.5,42560.1,552.7,79
1221,625,remove,2,63,13,330,432,0,92.5,0,76.5,41987.7,552.5,78
1222,625,create,7,470,11,288,90,90,92.5,0,76.5,41987.7,552.5,78
1223,625,deploy,2,470,11,288,90,90,93.6,0,76.6,42513.3,552.1,79
1224,626,create,9,471,11,275,187,187,93.6,0,76.6,42513.3,552.1,79
1225,626,deploy,2,471,11,275,187,187,94.7,0,76.6,43441.5,556.9,81
1226,627,remove,2,408,16,384,61,0,93.2,0,76.6,42809.0,556.0,80
1227,627,create,5,472,10,243,37,37,93.2,0,76.6,42809.0,556.0,80
1228,627,create,9,473,5,88,270,270,93.2,0,76.6,42809.0,556.0,80
1229,627,deploy,2,472,10,243,37,37,94.2,0,76.7,43284.6,554.9,81
1230,627,deploy,2,473,5,88,270,270,94.5,0,76.7,43587.6,551.7,82
1231,628,create,5,474,8,213,1,1,94.5,0,76.7,43587.6,551.7,82
1232,628,deploy,2,474,8,213,1,1,95.4,0,76.8,44029.8,550.4,83
1233,629,remove,2,373,7,169,88,0,94.7,0,76.8,43636.6,552.4,82
1234,629,remove,2,428,15,414,44,0,93.0,0,76.8,42970.7,550.9,81
1235,629,create,10,475,7,176,260,260,93.0,0,76.8,42970.7,550.9,81
1236,629,create,9,476,12,319,56,56,93.0,0,76.8,42970.7,550.9,81
1237,629,create,5,477,10,262,171,171,93.0,0,76.8,42970.7,550.9,81
1238,629,remove,2,474,8,213,1,0,92.2,0,76.8,42528.6,552.3,80
1239,629,deploy,2,475,7,176,260,260,92.9,0,76.8,42929.6,550.4,81
1240,629,deploy,2,476,12,319,56,56,94.2,0,76.9,43489.7,550.5,82
1241,629,deploy,2,477,10,262,171,171,95.2,0,76.9,43986.4,549.8,83
1242,630,create,5,478,4,131,36,36,95.2,0,76.9,43986.4,549.8,83
1243,630,deploy,2,478,4,131,36,36,95.7,0,77.0,44337.3,547.4,84
1244,631,create,5,479,7,150,227,227,95.7,0,77.0,44337.3,547.4,84
1245,631,deploy,2,479,7,150,227,227,96.3,0,77.0,44709.4,545.2,85
1246,633,remove,2,337,19,446,120,0,94.5,0,77.0,44007.9,543.3,84
1247,634,create,10,480,15,357,15,15,94.5,0,77.0,44007.9,543.3,84
1248,634,create,5,481,11,275,403,403,94.5,0,77.0,44007.9,543.3,84
1249,634,deploy,2,480,15,357,15,15,96.0,0,77.1,44610.3,544.0,85
1250,634,deploy,2,481,11,275,403,403,97.1,0,77.1,45121.5,543.6,86
1251,636,create,7,482,12,306,33,33,97.1,0,77.1,45121.5,543.6,86
1252,636,deploy,2,482,12,306,33,33,98.3,0,77.2,45667.2,543.7,87
1253,637,remove,2,186,12,350,270,0,96.9,0,77.2,45072.5,543.0,86
1254,637,create,5,483,13,299,98,98,96.9,0,77.2,45072.5,543.0,86
1255,637,deploy,2,483,13,299,98,98,98.1,0,77.2,45610.4,543.0,87
1256,638,create,9,484,18,402,82,82,98.1,0,77.2,45610.4,543.0,87
1257,638,create,7,485,13,387,117,117,98.1,0,77.2,45610.4,543.0,87
1258,638,create,5,486,9,274,102,102,98.1,0,77.2,45610.4,543.0,87
1259,638,deploy,2,484,18,402,82,82,99.7,0,77.3,46262.9,544.3,88
1260,638,deploy,2,485,13,387,117,117,101.3,0,77.3,46898.7,545.3,89
1261,638,drop,-,486,9,274,102,102,101.3,0,77.2,46898.7,545.3,89
1262,639,create,9,487,6,179,24,24,101.3,0,77.2,46898.7,545.3,89
1263,639,create,5,488,11,252,86,86,101.3,0,77.2,46898.7,545.3,89
1264,639,drop,-,487,6,179,24,24,101.3,0,77.0,46898.7,545.3,89
1265,639,drop,-,488,11,252,86,86,101.3,0,76.8,46898.7,545.3,89
1266,640,create,7,489,13,289,297,297,101.3,0,76.8,46898.7,545.3,89
1267,640,create,9,490,18,454,172,172,101.3,0,76.8,46898.7,545.3,89
1268,640,drop,-,489,13,289,297,297,101.3,0,76.7,46898.7,545.3,89
1269,640,drop,-,490,18,454,172,172,101.3,0,76.5,46898.7,545.3,89
1270,641,remove,2,120,5,130,359,0,100.7,0,76.5,46549.0,547.6,88
1271,641,remove,2,396,19,452,85,0,98.9,0,76.5,45840.8,545.7,87
1272,641,create,5,491,15,382,95,95,98.9,0,76.5,45840.8,545.7,87
1273,641,deploy,2,491,15,382,95,95,100.5,0,76.6,46471.0,546.7,88
1274,642,create,5,492,10,240,92,92,100.5,0,76.6,46471.0,546.7,88
1275,642,drop,-,492,10,240,92,92,100.5,0,76.4,46471.0,546.7,88
1276,643,create,9,493,13,376,75,75,100.5,0,76.4,46471.0,546.7,88
1277,643,drop,-,493,13,376,75,75,100.5,0,76.3,46471.0,546.7,88
1278,644,remove,2,463,9,241,31,0,99.5,0,76.3,45997.7,547.6,87
1279,645,remove,2,302,20,514,163,0,97.4,0,76.3,45220.5,544.8,86
1280,646,remove,2,224,19,501,240,0,95.4,0,76.3,44457.8,542.2,85
1281,646,remove,2,237,14,287,223,0,94.3,0,76.3,43933.3,542.4,84
1282,646,remove,2,356,7,214,119,0,93.4,0,76.3,43490.0,543.6,83
1283,647,create,7,494,10,285,116,116,93.4,0,76.3,43490.0,543.6,83
1284,647,create,9,495,8,225,16,16,93.4,0,76.3,43490.0,543.6,83
1285,647,deploy,2,494,10,285,116,116,94.6,0,76.3,44012.3,543.4,84
1286,647,deploy,2,495,8,225,16,16,95.5,0,76.4,44467.8,542.3,85
1287,648,remove,2,415,7,200,74,0,94.7,0,76.4,44040.1,543.7,84
1288,648,create,10,496,4,91,83,83,94.7,0,76.4,44040.1,543.7,84
1289,648,deploy,2,496,4,91,83,83,95.0,0,76.4,44346.5,540.8,85
1290,649,remove,2,480,15,357,15,0,93.6,0,76.4,43744.1,540.1,84
1291,649,create,5,497,15,373,321,321,93.6,0,76.4,43744.1,540.1,84
1292,649,deploy,2,497,15,373,321,321,95.1,0,76.5,44364.3,541.0,85
1293,650,create,5,498,12,334,255,255,95.1,0,76.5,44364.3,541.0,85
1294,650,deploy,2,498,12,334,255,255,96.4,0,76.5,44941.2,541.5,86
1295,651,remove,2,288,10,264,188,0,95.4,0,76.5,44442.2,542.0,85
1296,651,create,7,499,5,137,80,80,95.4,0,76.5,44442.2,542.0,85
1297,651,create,5,500,8,214,51,51,95.4,0,76.5,44442.2,542.0,85
1298,651,deploy,2,499,5,137,80,80,95.9,0,76.6,44799.8,539.8,86
1299,651,deploy,2,500,8,214,51,51,96.8,0,76.6,45243.1,538.6,87
1300,652,remove,2,347,12,275,130,0,95.7,0,76.6,44731.9,538.9,86
1301,652,create,7,501,11,298,45,45,95.7,0,76.6,44731.9,538.9,86
1302,652,deploy,2,501,11,298,45,45,96.9,0,76.6,45268.7,538.9,87
1303,653,remove,2,447,9,206,56,0,96.0,0,76.6,44834.3,540.2,86
1304,653,create,5,502,16,381,26,26,96.0,0,76.6,44834.3,540.2,86
1305,653,create,7,503,14,381,110,110,96.0,0,76.6,44834.3,540.2,86
1306,653,deploy,2,502,16,381,26,26,97.6,0,76.7,45795.7,545.2,88
1307,653,deploy,2,503,14,381,110,110,99.1,0,76.7,46424.8,546.2,89
1308,654,remove,2,369,12,249,116,0,98.1,0,76.7,45942.6,546.9,88
1309,654,remove,2,423,10,263,74,0,97.0,0,76.7,45444.8,547.5,87
1310,654,create,9,504,20,482,84,84,97.0,0,76.7,45444.8,547.5,87
1311,654,create,7,505,6,152,162,162,97.0,0,76.7,45444.8,547.5,87
1312,654,deploy,2,504,20,482,84,84,99.0,0,76.8,46186.3,549.8,88
1313,654,deploy,2,505,6,152,162,162,99.6,0,76.8,46560.6,547.8,89
1314,655,remove,2,367,11,304,118,0,98.4,0,76.8,46017.1,547.8,88
1315,655,create,9,506,9,229,45,45,98.4,0,76.8,46017.1,547.8,88
1316,655,deploy,2,506,9,229,45,45,99.3,0,76.9,46477.1,546.8,89
1317,656,create,5,507,18,400,45,45,99.3,0,76.9,46477.1,546.8,89
1318,656,deploy,2,507,18,400,45,45,100.9,0,76.9,47500.3,552.3,91
1319,657,remove,2,366,11,258,121,0,99.8,0,76.9,47008.0,553.0,90
1320,657,create,10,508,14,333,80,80,99.8,0,76.9,47008.0,553.0,90
1321,657,create,7,509,17,451,9,9,99.8,0,76.9,47008.0,553.0,90
1322,657,create,5,510,7,199,157,157,99.8,0,76.9,47008.0,553.0,90
1323,657,deploy,2,508,14,333,80,80,101.2,0,77.0,47583.8,553.3,91
1324,657,drop,-,509,17,451,9,9,101.2,0,76.8,47583.8,553.3,91
1325,657,drop,-,510,7,199,157,157,101.2,0,76.7,47583.8,553.3,91
1326,658,remove,2,314,17,383,166,0,99.6,0,76.7,46536.2,547.5,89
1327,658,create,10,511,18,508,27,27,99.6,0,76.7,46536.2,547.5,89
1328,658,deploy,2,511,18,508,27,27,101.7,0,76.7,47306.7,550.1,90
1329,659,create,10,512,20,499,47,47,101.7,0,76.7,47306.7,550.1,90
1330,659,drop,-,512,20,499,47,47,101.7,0,76.6,47306.7,550.1,90
1331,660,create,9,513,17,468,95,95,101.7,0,76.6,47306.7,550.1,90
1332,660,create,5,514,19,436,44,44,101.7,0,76.6,47306.7,550.1,90
1333,660,drop,-,513,17,468,95,95,101.7,0,76.4,47306.7,550.1,90
1334,660,drop,-,514,19,436,44,44,101.7,0,76.3,47306.7,550.1,90
1335,661,remove,2,385,12,322,112,0,100.4,0,76.3,46743.2,549.9,89
1336,661,create,7,515,19,438,88,88,100.4,0,76.3,46743.2,549.9,89
1337,661,create,9,516,5,106,173,173,100.4,0,76.3,46743.2,549.9,89
1338,661,create,5,517,15,462,60,60,100.4,0,76.3,46743.2,549.9,89
1339,661,drop,-,515,19,438,88,88,100.4,0,76.1,46743.2,549.9,89
1340,661,drop,-,516,5,106,173,173,100.4,0,76.0,46743.2,549.9,89
1341,661,drop,-,517,15,462,60,60,100.4,0,75.8,46743.2,549.9,89
1342,662,remove,2,406,4,87,98,0,100.0,0,75.8,46441.3,552.9,88
1343,662,remove,2,462,9,239,53,0,99.1,0,75.8,45970.2,553.9,87
1344,662,create,10,518,8,173,143,143,99.1,0,75.8,45970.2,553.9,87
1345,662,create,7,519,13,324,58,58,99.1,0,75.8,45970.2,553.9,87
1346,662,deploy,2,518,8,173,143,143,99.8,0,75.9,46367.8,552.0,88
1347,662,deploy,2,519,13,324,58,58,101.1,0,75.9,46933.5,552.2,89
1348,663,remove,2,495,8,225,16,0,100.2,0,75.9,46478.0,553.3,88
1349,663,create,10,520,8,161,10,10,100.2,0,75.9,46478.0,553.3,88
1350,663,drop,-,520,8,161,10,10,100.2,0,75.8,46478.0,553.3,88
1351,664,remove,2,333,18,373,155,0,98.7,0,75.8,45857.8,552.5,87
1352,664,remove,2,390,14,371,112,0,97.2,0,75.8,45239.7,551.7,86
1353,664,remove,2,466,18,401,43,0,95.6,0,75.8,44588.3,550.5,85
1354,664,remove,2,472,10,243,37,0,94.6,0,75.8,44112.8,551.4,84
1355,664,create,9,521,11,313,20,20,94.6,0,75.8,44112.8,551.4,84
1356,664,create,7,522,12,289,349,349,94.6,0,75.8,44112.8,551.4,84
1357,664,deploy,2,521,11,313,20,20,95.9,0,75.8,44666.2,551.4,85
1358,664,deploy,2,522,12,289,349,349,97.0,0,75.9,45193.0,551.1,86
1359,665,create,5,523,9,207,240,240,97.0,0,75.9,45193.0,551.1,86
1360,665,create,10,524,18,475,83,83,97.0,0,75.9,45193.0,551.1,86
1361,665,create,7,525,12,274,8,8,97.0,0,75.9,45193.0,551.1,86
1362,665,deploy,2,523,9,207,240,240,97.9,0,75.9,45628.5,549.7,87
1363,665,deploy,2,524,18,475,83,83,99.8,0,76.0,46362.3,551.9,88
1364,665,deploy,2,525,12,274,8,8,100.9,0,76.0,46872.3,551.4,89
1365,666,remove,2,424,4,108,85,0,100.4,0,76.0,46547.0,554.1,88
1366,666,remove,2,478,4,131,36,0,99.9,0,76.0,46196.1,556.6,87
1367,666,create,10,526,17,383,48,48,99.9,0,76.0,46196.1,556.6,87
1368,666,create,7,527,13,314,160,160,99.9,0,76.0,46196.1,556.6,87
1369,666,deploy,2,526,17,383,48,48,101.4,0,76.0,46827.5,557.5,88
1370,666,drop,-,527,13,314,160,160,101.4,0,75.9,46827.5,557.5,88
1371,667,remove,2,368,11,258,130,0,100.4,0,75.9,46335.2,558.3,87
1372,667,remove,2,426,15,362,85,0,99.0,0,75.9,45727.2,557.6,86
1373,668,create,5,528,7,190,7,7,99.0,0,75.9,45727.2,557.6,86
1374,668,create,7,529,5,125,111,111,99.0,0,75.9,45727.2,557.6,86
1375,668,deploy,2,528,7,190,7,7,99.7,0,75.9,46143.8,555.9,87
1376,668,deploy,2,529,5,125,111,111,100.2,0,76.0,46488.0,553.4,88
1377,669,remove,2,482,12,306,33,0,99.0,0,76.0,45942.4,553.5,87
1378,669,create,9,530,19,524,58,58,99.0,0,76.0,45942.4,553.5,87
1379,669,create,5,531,12,312,244,244,99.0,0,76.0,45942.4,553.5,87
1380,669,deploy,2,530,19,524,58,58,101.1,0,76.0,46730.7,556.3,88
1381,669,drop,-,531,12,312,244,244,101.1,0,75.9,46730.7,556.3,88
1382,670,create,9,532,13,307,10,10,101.1,0,75.9,46730.7,556.3,88
1383,670,create,5,533,8,223,111,111,101.1,0,75.9,46730.7,556.3,88
1384,670,drop,-,532,13,307,10,10,101.1,0,75.8,46730.7,556.3,88
1385,670,drop,-,533,8,223,111,111,101.1,0,75.6,46730.7,556.3,88
1386,671,create,10,534,13,303,1,1,101.1,0,75.6,46730.7,556.3,88
1387,671,create,9,535,8,206,120,120,101.1,0,75.6,46730.7,556.3,88
1388,671,drop,-,534,13,303,1,1,101.1,0,75.5,46730.7,556.3,88
1389,671,drop,-,535,8,206,120,120,101.1,0,75.3,46730.7,556.3,88
1390,672,create,7,536,8,181,91,91,101.1,0,75.3,46730.7,556.3,88
1391,672,create,9,537,8,209,32,32,101.1,0,75.3,46730.7,556.3,88
1392,672,drop,-,536,8,181,91,91,101.1,0,75.2,46730.7,556.3,88
1393,672,drop,-,537,8,209,32,32,101.1,0,75.0,46730.7,556.3,88
1394,673,remove,2,127,16,387,378,0,99.5,0,75.0,46094.8,555.4,87
1395,673,remove,2,268,14,386,226,0,98.0,0,75.0,45460.1,554.4,86
1396,673,remove,2,364,6,140,138,0,97.4,0,75.0,45099.2,556.8,85
1397,673,remove,2,525,12,274,8,0,96.3,0,75.0,44589.1,557.4,84
1398,673,create,9,538,14,366,499,499,96.3,0,75.0,44589.1,557.4,84
1399,673,deploy,2,538,14,366,499,499,97.8,0,75.1,45201.6,558.0,85
1400,674,remove,2,164,11,334,329,0,96.5,0,75.1,44624.7,557.8,84
1401,674,create,7,539,10,293,79,79,96.5,0,75.1,44624.7,557.8,84
1402,674,create,9,540,14,403,427,427,96.5,0,75.1,44624.7,557.8,84
1403,674,deploy,2,539,10,293,79,79,97.6,0,75.1,45156.0,557.5,85
1404,674,deploy,2,540,14,403,427,427,99.2,0,75.2,45809.6,558.7,86
1405,675,remove,2,528,7,190,7,0,98.5,0,75.2,45393.0,560.4,85
1406,675,create,7,541,11,267,24,24,98.5,0,75.2,45393.0,560.4,85
1407,675,deploy,2,541,11,267,24,24,99.6,0,75.2,45895.3,559.7,86
1408,676,create,7,542,10,271,51,51,99.6,0,75.2,45895.3,559.7,86
1409,676,deploy,2,542,10,271,51,51,100.6,0,75.3,46402.0,559.1,87
1410,677,remove,2,459,11,284,69,0,99.5,0,75.3,45880.8,559.5,86
1411,678,create,5,543,12,273,2,2,99.5,0,75.3,45880.8,559.5,86
1412,678,create,9,544,17,458,32,32,99.5,0,75.3,45880.8,559.5,86
1413,678,deploy,2,543,12,273,2,2,100.6,0,75.3,46389.8,558.9,87
1414,678,drop,-,544,17,458,32,32,100.6,0,75.2,46389.8,558.9,87
1415,679,remove,2,502,16,381,26,0,99.1,0,75.2,45471.6,554.5,85
1416,679,create,7,545,10,282,46,46,99.1,0,75.2,45471.6,554.5,85
1417,679,create,5,546,12,355,51,51,99.1,0,75.2,45471.6,554.5,85
1418,679,deploy,2,545,10,282,46,46,100.2,0,75.2,46279.6,557.6,87
1419,679,drop,-,546,12,355,51,51,100.2,0,75.1,46279.6,557.6,87
1420,680,create,9,547,8,211,1,1,100.2,0,75.1,46279.6,557.6,87
1421,680,remove,2,543,12,273,2,0,99.1,0,75.1,45770.6,558.2,86
1422,680,create,7,548,13,340,134,134,99.1,0,75.1,45770.6,558.2,86
1423,680,deploy,2,547,8,211,1,1,100.0,0,75.1,46210.6,556.8,87
1424,680,drop,-,548,13,340,134,134,100.0,0,75.0,46210.6,556.8,87
1425,681,remove,2,547,8,211,1,0,99.1,0,75.0,45770.6,558.2,86
1426,682,create,5,549,18,441,21,21,99.1,0,75.0,45770.6,558.2,86
1427,682,create,9,550,8,201,14,14,99.1,0,75.0,45770.6,558.2,86
1428,682,deploy,2,549,18,441,21,21,100.9,0,75.0,46466.6,559.8,87
1429,682,drop,-,550,8,201,14,14,100.9,0,74.9,46466.6,559.8,87
1430,683,create,10,551,4,122,112,112,100.9,0,74.9,46466.6,559.8,87
1431,683,create,5,552,17,453,73,73,100.9,0,74.9,46466.6,559.8,87
1432,683,create,9,553,10,272,61,61,100.9,0,74.9,46466.6,559.8,87
1433,683,drop,-,551,4,122,112,112,100.9,0,74.8,46466.6,559.8,87
1434,683,drop,-,552,17,453,73,73,100.9,0,74.6,46466.6,559.8,87
1435,683,drop,-,553,10,272,61,61,100.9,0,74.5,46466.6,559.8,87
1436,684,remove,2,521,11,313,20,0,99.6,0,74.5,45913.1,559.9,86
1437,685,remove,2,476,12,319,56,0,98.3,0,74.5,45353.0,559.9,85
1438,685,remove,2,511,18,508,27,0,96.3,0,74.5,44582.5,557.3,84
1439,685,create,9,554,18,469,69,69,96.3,0,74.5,44582.5,557.3,84
1440,685,deploy,2,554,18,469,69,69,98.2,0,74.5,45309.6,559.4,85
1441,686,create,7,555,18,473,313,313,98.2,0,74.5,45309.6,559.4,85
1442,686,create,9,556,8,172,32,32,98.2,0,74.5,45309.6,559.4,85
1443,686,deploy,2,555,18,473,313,313,100.1,0,74.6,46041.1,561.5,86
1444,686,drop,-,556,8,172,32,32,100.1,0,74.5,46041.1,561.5,86
1445,687,create,9,557,6,186,100,100,100.1,0,74.5,46041.1,561.5,86
1446,687,drop,-,557,6,186,100,100,100.1,0,74.3,46041.1,561.5,86
1447,689,remove,2,448,10,255,91,0,99.1,0,74.3,45552.2,562.4,85
1448,689,create,5,558,13,317,54,54,99.1,0,74.3,45552.2,562.4,85
1449,689,create,9,559,19,489,69,69,99.1,0,74.3,45552.2,562.4,85
1450,689,deploy,2,558,13,317,54,54,100.3,0,74.4,46110.1,562.3,86
1451,689,drop,-,559,19,489,69,69,100.3,0,74.2,46110.1,562.3,86
1452,690,create,10,560,12,274,67,67,100.3,0,74.2,46110.1,562.3,86
1453,690,create,9,561,8,166,28,28,100.3,0,74.2,46110.1,562.3,86
1454,690,drop,-,560,12,274,67,67,100.3,0,74.1,46110.1,562.3,86
1455,690,drop,-,561,8,166,28,28,100.3,0,74.0,46110.1,562.3,86
1456,691,create,9,562,15,390,57,57,100.3,0,74.0,46110.1,562.3,86
1457,691,drop,-,562,15,390,57,57,100.3,0,73.8,46110.1,562.3,86
1458,692,create,9,563,19,512,240,240,100.3,0,73.8,46110.1,562.3,86
1459,692,drop,-,563,19,512,240,240,100.3,0,73.7,46110.1,562.3,86
1460,693,create,9,564,20,482,58,58,100.3,0,73.7,46110.1,562.3,86
1461,693,drop,-,564,20,482,58,58,100.3,0,73.6,46110.1,562.3,86
1462,694,create,9,565,9,240,60,60,100.3,0,73.6,46110.1,562.3,86
1463,694,drop,-,565,9,240,60,60,100.3,0,73.5,46110.1,562.3,86
1464,696,create,7,566,5,140,311,311,100.3,0,73.5,46110.1,562.3,86
1465,696,create,10,567,8,179,80,80,100.3,0,73.5,46110.1,562.3,86
1466,696,drop,-,566,5,140,311,311,100.3,0,73.3,46110.1,562.3,86
1467,696,drop,-,567,8,179,80,80,100.3,0,73.2,46110.1,562.3,86
1468,697,remove,2,501,11,298,45,0,99.1,0,73.2,45573.3,562.6,85
1469,697,create,5,568,6,80,138,138,99.1,0,73.2,45573.3,562.6,85
1470,697,create,7,569,12,298,47,47,99.1,0,73.2,45573.3,562.6,85
1471,697,create,10,570,17,381,43,43,99.1,0,73.2,45573.3,562.6,85
1472,697,deploy,2,568,6,80,138,138,99.5,0,73.2,45867.5,559.4,86
1473,697,deploy,2,569,12,298,47,47,100.6,0,73.3,46404.2,559.1,87
1474,697,drop,-,570,17,381,43,43,100.6,0,73.2,46404.2,559.1,87
1475,698,create,9,571,9,246,378,378,100.6,0,73.2,46404.2,559.1,87
1476,698,create,5,572,7,164,255,255,100.6,0,73.2,46404.2,559.1,87
1477,698,drop,-,571,9,246,378,378,100.6,0,73.0,46404.2,559.1,87
1478,698,drop,-,572,7,164,255,255,100.6,0,72.9,46404.2,559.1,87
1479,699,remove,2,541,11,267,24,0,99.6,0,72.9,45902.0,559.8,86
1480,699,create,5,573,17,388,100,100,99.6,0,72.9,45902.0,559.8,86
1481,699,deploy,2,573,17,388,100,100,101.1,0,72.9,46538.9,560.7,87
