id,time,action,Ingress/DC,SFC,n_VNFs,TTL,remain,load,util,migration,acceptance,power,P_per_sfc,active_server
1,3,create,10,1,19,124,124,1.9,0.0,0,0.0,0,0.0,0
2,3,deploy,11,1,19,124,124,1.9,1.9,0,100.0,1685.6,1685.6,5
3,10,create,7,2,15,180,180,3.4,1.9,0,100.0,1685.6,1685.6,5
4,10,deploy,6,2,15,180,180,3.4,3.4,0,100.0,3051.8,1525.9,9
5,23,create,10,3,8,4,4,4.2,3.4,0,100.0,3051.8,1525.9,9
6,23,deploy,11,3,8,4,4,4.2,4.2,0,100.0,3684.7,1228.2,11
7,25,create,7,4,6,34,34,4.8,4.2,0,100.0,3684.7,1228.2,11
8,25,deploy,6,4,6,34,34,4.8,4.8,0,100.0,4261.9,1065.5,13
9,27,remove,11,3,8,4,0,4.0,4.0,0,100.0,3629.0,1209.7,11
10,33,create,5,5,5,198,198,4.5,4.0,0,100.0,3629.0,1209.7,11
11,33,deploy,4,5,5,198,198,4.5,4.5,0,100.0,4178.299999999999,1044.6,13
12,40,create,9,6,10,35,35,5.5,4.5,0,100.0,4178.299999999999,1044.6,13
13,40,deploy,4,6,10,35,35,5.5,5.5,0,100.0,4994.299999999999,998.9,15
14,42,create,5,7,16,23,23,7.0,5.5,0,100.0,4994.299999999999,998.9,15
15,42,deploy,4,7,16,23,23,7.0,7.0,0,100.0,6302.5,1050.4,19
16,49,create,5,8,19,5,5,8.9,7.0,0,100.0,6302.5,1050.4,19
17,49,deploy,4,8,19,5,5,8.9,8.9,0,100.0,8019.9,1145.7,24
18,50,create,5,9,11,62,62,10.0,8.9,0,100.0,8019.9,1145.7,24
19,50,deploy,4,9,11,62,62,10.0,10.0,0,100.0,8942.300000000001,1117.8,27
20,52,create,9,10,9,276,276,10.9,10.0,0,100.0,8942.300000000001,1117.8,27
21,52,deploy,4,10,9,276,276,10.9,10.9,0,100.0,9645.800000000001,1071.8,29
22,54,remove,4,8,19,5,0,9.0,9.0,0,100.0,8175.4,1021.9,25
23,59,remove,6,4,6,34,0,8.4,8.4,0,100.0,7598.199999999999,1085.5,23
24,65,remove,4,7,16,23,0,6.8,6.8,0,100.0,6247.5,1041.2,19
25,67,create,7,11,5,106,106,7.3,6.8,0,100.0,6247.5,1041.2,19
26,67,deploy,6,11,5,106,106,7.3,7.3,0,100.0,6796.799999999999,971.0,21
27,68,create,10,12,14,424,424,8.7,7.3,0,100.0,6796.799999999999,971.0,21
28,68,deploy,11,12,14,424,424,8.7,8.7,0,100.0,8051.9,1006.5,25
29,71,create,7,13,16,179,179,10.3,8.7,0,100.0,8051.9,1006.5,25
30,71,create,10,14,11,158,158,11.4,8.7,0,100.0,8051.9,1006.5,25
31,71,deploy,6,13,16,179,179,11.4,10.3,0,100.0,9156.8,1017.4,28
32,71,deploy,11,14,11,158,158,11.4,11.4,0,100.0,10079.7,1008.0,31
33,74,create,10,15,17,8,8,13.1,11.4,0,100.0,10079.7,1008.0,31
34,74,deploy,11,15,17,8,8,13.1,13.1,0,100.0,11418.3,1038.0,35
35,75,remove,4,6,10,35,0,12.1,12.1,0,100.0,10644.8,1064.5,33
36,77,create,9,16,12,314,314,13.3,12.1,0,100.0,10644.8,1064.5,33
37,77,deploy,4,16,12,314,314,13.3,13.3,0,100.0,11475.099999999999,1043.2,35
38,80,create,5,17,10,66,66,14.3,13.3,0,100.0,11475.099999999999,1043.2,35
39,80,create,10,18,8,57,57,15.1,13.3,0,100.0,11475.099999999999,1043.2,35
40,80,deploy,4,17,10,66,66,15.1,14.3,0,100.0,12292.0,1024.3,37
41,80,deploy,11,18,8,57,57,15.1,15.1,0,100.0,12967.2,997.5,39
42,82,create,7,19,11,93,93,16.2,15.1,0,100.0,12967.2,997.5,39
43,82,remove,11,15,17,8,0,14.5,13.4,0,100.0,11789.8,982.5,36
44,82,deploy,6,19,11,93,93,14.5,14.5,0,100.0,12754.2,981.1,39
45,85,create,5,20,16,12,12,16.1,14.5,0,100.0,12754.2,981.1,39
46,85,deploy,4,20,16,12,12,16.1,16.1,0,100.0,14107.1,1007.6,43
47,86,create,7,21,11,7,7,17.2,16.1,0,100.0,14107.1,1007.6,43
48,86,deploy,6,21,11,7,7,17.2,17.2,0,100.0,15114.8,1007.7,46
49,88,create,5,22,20,24,24,19.1,17.2,0,100.0,15114.8,1007.7,46
50,88,deploy,4,22,20,24,24,19.1,19.1,0,100.0,16780.6,1048.8,51
51,91,create,9,23,18,47,47,20.9,19.1,0,100.0,16780.6,1048.8,51
52,91,deploy,4,23,18,47,47,20.9,20.9,0,100.0,18392.4,1081.9,56
53,93,remove,6,21,11,7,0,19.8,19.8,0,100.0,17384.7,1086.5,53
54,93,create,9,24,16,27,27,21.4,19.8,0,100.0,17384.7,1086.5,53
55,93,deploy,4,24,16,27,27,21.4,21.4,0,100.0,18733.6,1102.0,57
56,97,remove,4,20,16,12,0,19.8,19.8,0,100.0,17588.0,1099.2,54
57,98,create,10,25,13,38,38,21.1,19.8,0,100.0,17588.0,1099.2,54
58,98,deploy,11,25,13,38,38,21.1,21.1,0,100.0,18653.6,1097.3,57
59,111,create,5,26,9,411,411,22.0,21.1,0,100.0,18653.6,1097.3,57
60,111,deploy,4,26,9,411,411,22.0,22.0,0,100.0,19397.6,1077.6,59
61,112,remove,4,9,11,62,0,20.9,20.9,0,100.0,18679.9,1098.8,57
62,112,remove,4,22,20,24,0,18.9,18.9,0,100.0,17222.4,1076.4,53
63,114,create,10,27,5,27,27,19.4,18.9,0,100.0,17222.4,1076.4,53
64,114,deploy,11,27,5,27,27,19.4,19.4,0,100.0,17566.6,1033.3,54
65,116,create,5,28,8,139,139,20.2,19.4,0,100.0,17566.6,1033.3,54
66,116,deploy,4,28,8,139,139,20.2,20.2,0,100.0,18201.2,1011.2,56
67,118,create,7,29,4,90,90,20.6,20.2,0,100.0,18201.2,1011.2,56
68,118,deploy,6,29,4,90,90,20.6,20.6,0,100.0,18517.6,974.6,57
69,120,remove,4,24,16,27,0,19.0,19.0,0,100.0,17166.899999999998,953.7,53
70,124,create,5,30,6,48,48,19.6,19.0,0,100.0,17166.899999999998,953.7,53
71,124,deploy,4,30,6,48,48,19.6,19.6,0,100.0,17582.8,925.4,54
72,127,remove,11,1,19,124,0,17.8,17.8,0,100.0,16188.0,899.3,50
73,127,create,5,31,4,23,23,18.2,17.8,0,100.0,16188.0,899.3,50
74,127,deploy,4,31,4,23,23,18.2,18.2,0,100.0,16299.3,857.9,50
75,131,create,9,32,4,28,28,18.6,18.2,0,100.0,16299.3,857.9,50
76,131,deploy,4,32,4,28,28,18.6,18.6,0,100.0,16615.7,830.8,51
77,134,create,10,33,15,90,90,20.0,18.6,0,100.0,16615.7,830.8,51
78,134,create,5,34,12,75,75,21.2,18.6,0,100.0,16615.7,830.8,51
79,134,deploy,11,33,15,90,90,21.2,20.0,0,100.0,17693.6,842.6,54
80,134,deploy,4,34,12,75,75,21.2,21.2,0,100.0,18437.800000000003,838.1,56
81,135,create,5,35,7,225,225,21.9,21.2,0,100.0,18437.800000000003,838.1,56
82,135,deploy,4,35,7,225,225,21.9,21.9,0,100.0,19086.199999999997,829.8,58
83,136,remove,11,25,13,38,0,20.6,20.6,0,100.0,18225.8,828.4,56
84,137,remove,11,18,8,57,0,19.8,19.8,0,100.0,17550.6,835.7,54
85,138,remove,4,23,18,47,0,18.1,18.1,0,100.0,15937.3,796.9,49
86,141,remove,11,27,5,27,0,17.6,17.6,0,100.0,15182.9,799.1,46
87,141,create,9,36,11,135,135,18.7,17.6,0,100.0,15182.9,799.1,46
88,141,create,9,37,12,50,50,19.8,17.6,0,100.0,15182.9,799.1,46
89,141,deploy,4,36,11,135,135,19.8,18.7,0,100.0,16190.800000000001,809.5,49
90,141,deploy,4,37,12,50,50,19.8,19.8,0,100.0,17225.600000000002,820.3,52
91,143,create,5,38,14,113,113,21.2,19.8,0,100.0,17225.600000000002,820.3,52
92,143,create,9,39,7,45,45,21.9,19.8,0,100.0,17225.600000000002,820.3,52
93,143,deploy,4,38,14,113,113,21.9,21.2,0,100.0,18275.7,830.7,55
94,143,deploy,4,39,7,45,45,21.9,21.9,0,100.0,18880.800000000003,820.9,57
95,146,remove,4,17,10,66,0,20.9,20.9,0,100.0,18105.0,823.0,55
96,150,remove,4,31,4,23,0,20.5,20.5,0,100.0,17993.7,856.8,55
97,154,create,10,40,14,407,407,21.9,20.5,0,100.0,17993.7,856.8,55
98,154,create,5,41,19,4,4,23.8,20.5,0,100.0,17993.7,856.8,55
99,154,deploy,11,40,14,407,407,23.8,21.9,0,100.0,19087.1,867.6,58
100,154,deploy,4,41,19,4,4,23.8,23.8,0,100.0,20361.6,885.3,61
101,155,create,9,42,7,69,69,24.5,23.8,0,100.0,20361.6,885.3,61
102,155,create,9,43,19,32,32,26.4,23.8,0,100.0,20361.6,885.3,61
103,155,deploy,4,42,7,69,69,26.4,24.5,0,100.0,20967.6,873.6,63
104,155,deploy,4,43,19,32,32,26.4,26.4,0,100.0,22649.7,906.0,68
105,158,remove,4,41,19,4,0,24.5,24.5,0,100.0,21625.0,901.0,66
106,159,remove,4,32,4,28,0,24.1,24.1,0,100.0,21308.6,926.5,65
107,163,create,5,44,6,20,20,24.7,24.1,0,100.0,21308.6,926.5,65
108,163,deploy,4,44,6,20,20,24.7,24.7,0,100.0,21680.6,903.4,66
109,164,create,9,45,16,318,318,26.3,24.7,0,100.0,21680.6,903.4,66
110,164,deploy,4,45,16,318,318,26.3,26.3,0,100.0,22625.6,905.0,68
111,165,create,10,46,15,172,172,27.8,26.3,0,100.0,22625.6,905.0,68
112,165,deploy,11,46,15,172,172,27.8,27.8,0,100.0,23993.4,922.8,72
113,168,create,9,47,11,67,67,28.9,27.8,0,100.0,23993.4,922.8,72
114,168,deploy,4,47,11,67,67,28.9,28.9,0,100.0,24753.1,916.8,74
115,171,create,10,48,18,14,14,30.7,28.9,0,100.0,24753.1,916.8,74
116,171,create,10,49,12,98,98,31.8,28.9,0,100.0,24753.1,916.8,74
117,171,deploy,11,48,18,14,14,31.8,30.7,0,100.0,26117.9,932.8,78
118,171,deploy,11,49,12,98,98,31.8,31.8,0,100.0,27111.8,934.9,81
119,172,remove,4,30,6,48,0,31.2,31.2,0,100.0,26900.5,960.7,81
120,173,remove,6,11,5,106,0,30.8,30.8,0,100.0,26556.3,983.6,80
121,175,remove,6,19,11,93,0,29.7,29.7,0,100.0,25797.0,992.2,78
122,180,create,10,50,13,318,318,31.0,29.7,0,100.0,25797.0,992.2,78
123,180,create,10,51,10,109,109,31.9,29.7,0,100.0,25797.0,992.2,78
124,180,deploy,11,50,13,318,318,31.9,31.0,0,100.0,26775.5,991.7,81
125,180,deploy,11,51,10,109,109,31.9,31.9,0,100.0,27712.300000000003,989.7,84
126,183,create,7,52,19,161,161,33.8,31.9,0,100.0,27712.300000000003,989.7,84
127,183,remove,4,44,6,20,0,33.2,31.3,0,100.0,27545.4,1020.2,84
128,183,create,9,53,6,298,298,33.8,31.3,0,100.0,27545.4,1020.2,84
129,183,deploy,6,52,19,161,161,33.8,33.2,0,100.0,29059.6,1037.8,88
130,183,deploy,4,53,6,298,298,33.8,33.8,0,100.0,29270.5,1009.3,88
131,184,create,5,54,11,325,325,34.9,33.8,0,100.0,29270.5,1009.3,88
132,184,deploy,4,54,11,325,325,34.9,34.9,0,100.0,29987.699999999997,999.6,90
133,185,remove,11,48,18,14,0,33.1,33.1,0,100.0,28783.3,992.5,87
134,186,create,5,55,13,57,57,34.4,33.1,0,100.0,28783.3,992.5,87
135,186,deploy,4,55,13,57,57,34.4,34.4,0,100.0,29845.3,994.8,90
136,187,remove,4,43,19,32,0,32.5,32.5,0,100.0,28410.7,979.7,86
137,187,create,5,56,20,16,16,34.5,32.5,0,100.0,28410.7,979.7,86
138,187,deploy,4,56,20,16,16,34.5,34.5,0,100.0,29871.3,995.7,90
139,188,remove,4,39,7,45,0,33.8,33.8,0,100.0,29471.3,1016.3,89
140,190,remove,6,2,15,180,0,32.3,32.3,0,100.0,28394.7,1014.1,86
141,190,create,10,57,9,35,35,33.2,32.3,0,100.0,28394.7,1014.1,86
142,190,deploy,11,57,9,35,35,33.2,33.2,0,100.0,29145.8,1005.0,88
143,191,remove,4,37,12,50,0,32.0,32.0,0,100.0,28399.5,1014.3,86
144,191,create,7,58,15,35,35,33.5,32.0,0,100.0,28399.5,1014.3,86
145,191,deploy,6,58,15,35,35,33.5,33.5,0,100.0,29476.1,1016.4,89
146,193,create,5,59,5,561,561,34.0,33.5,0,100.0,29476.1,1016.4,89
147,193,create,7,60,10,13,13,35.0,33.5,0,100.0,29476.1,1016.4,89
148,193,deploy,4,59,5,561,561,35.0,34.0,0,100.0,29820.3,994.0,90
149,193,deploy,6,60,10,13,13,35.0,35.0,0,100.0,30552.6,985.6,92
150,194,create,9,61,7,82,82,35.7,35.0,0,100.0,30552.6,985.6,92
151,194,create,7,62,10,152,152,36.7,35.0,0,100.0,30552.6,985.6,92
152,194,create,7,63,20,47,47,38.7,35.0,0,100.0,30552.6,985.6,92
153,194,deploy,4,61,7,82,82,38.7,35.7,0,100.0,30953.399999999998,967.3,93
154,194,deploy,6,62,10,152,152,38.7,36.7,0,100.0,31931.2,967.6,96
155,194,deploy,6,63,20,47,47,38.7,38.7,0,100.0,33555.8,986.9,101
156,197,create,10,64,13,36,36,40.0,38.7,0,100.0,33555.8,986.9,101
157,197,create,5,65,11,10,10,41.1,38.7,0,100.0,33555.8,986.9,101
158,197,deploy,11,64,13,36,36,41.1,40.0,0,100.0,34329.2,980.8,103
159,197,deploy,4,65,11,10,10,41.1,41.1,0,100.0,35089.399999999994,974.7,105
160,200,create,9,66,16,145,145,42.7,41.1,0,100.0,35089.399999999994,974.7,105
161,200,create,10,67,10,67,67,43.7,41.1,0,100.0,35089.399999999994,974.7,105
162,200,deploy,4,66,16,145,145,43.7,42.7,0,100.0,36399.399999999994,983.8,109
163,200,deploy,11,67,10,67,67,43.7,43.7,0,100.0,37175.5,978.3,111
164,203,remove,4,56,20,16,0,41.7,41.7,0,100.0,35714.899999999994,965.3,107
165,203,create,7,68,20,75,75,43.7,41.7,0,100.0,35714.899999999994,965.3,107
166,203,create,7,69,5,20,20,44.1,41.7,0,100.0,35714.899999999994,965.3,107
167,203,deploy,6,68,20,75,75,44.1,43.7,0,100.0,37427.6,984.9,112
168,203,deploy,6,69,5,20,20,44.1,44.1,0,100.0,37771.899999999994,968.5,113
169,205,create,9,70,10,154,154,45.1,44.1,0,100.0,37771.899999999994,968.5,113
170,205,deploy,4,70,10,154,154,45.1,45.1,0,100.0,38504.2,962.6,115
171,206,remove,6,60,10,13,0,44.1,44.1,0,100.0,37728.5,967.4,113
172,206,create,9,71,4,11,11,44.5,44.1,0,100.0,37728.5,967.4,113
173,206,deploy,4,71,4,11,11,44.5,44.5,0,100.0,37839.8,946.0,113
174,207,remove,4,65,11,10,0,43.5,43.5,0,100.0,37327.2,957.1,112
175,208,remove,6,29,4,90,0,43.1,43.1,0,100.0,37010.8,974.0,111
176,208,create,5,72,12,144,144,44.2,43.1,0,100.0,37010.8,974.0,111
177,208,deploy,4,72,12,144,144,44.2,44.2,0,100.0,37796.2,969.1,113
178,209,remove,4,34,12,75,0,43.1,43.1,0,100.0,37050.7,975.0,111
179,210,create,9,73,17,364,364,44.7,43.1,0,100.0,37050.7,975.0,111
180,210,create,5,74,6,1,1,45.3,43.1,0,100.0,37050.7,975.0,111
181,210,deploy,4,73,17,364,364,45.3,44.7,0,100.0,38339.2,983.1,115
182,210,deploy,4,74,6,1,1,45.3,45.3,0,100.0,38506.7,962.7,115
183,211,remove,4,74,6,1,0,44.7,44.7,0,100.0,38339.2,983.1,115
184,212,create,5,75,13,23,23,46.0,44.7,0,100.0,38339.2,983.1,115
185,212,create,5,76,17,32,32,47.7,44.7,0,100.0,38339.2,983.1,115
186,212,deploy,6,75,13,23,23,47.7,46.0,0,100.0,39403.5,985.1,118
187,212,deploy,6,76,17,32,32,47.7,47.7,0,100.0,40782.0,994.7,122
188,214,create,9,77,15,244,244,49.2,47.7,0,100.0,40782.0,994.7,122
189,214,deploy,6,77,15,244,244,49.2,49.2,0,100.0,42103.0,1002.5,126
190,215,create,5,78,8,21,21,50.0,49.2,0,100.0,42103.0,1002.5,126
191,215,create,9,79,11,22,22,51.1,49.2,0,100.0,42103.0,1002.5,126
192,215,deploy,6,78,8,21,21,51.1,50.0,0,100.0,42777.5,994.8,128
193,215,deploy,6,79,11,22,22,51.1,51.1,0,100.0,43742.9,994.2,131
194,217,create,10,80,8,52,52,51.9,51.1,0,100.0,43742.9,994.2,131
195,217,remove,4,71,4,11,0,51.5,50.7,0,100.0,43631.6,1014.7,131
196,217,deploy,11,80,8,52,52,51.5,51.5,0,100.0,44265.4,1006.0,133
197,220,create,7,81,11,165,165,52.6,51.5,0,100.0,44265.4,1006.0,133
198,220,deploy,6,81,11,165,165,52.6,52.6,0,100.0,44982.6,999.6,135
199,221,create,9,82,13,38,38,53.9,52.6,0,100.0,44982.6,999.6,135
200,221,deploy,6,82,13,38,38,53.9,53.9,0,100.0,46293.1,1006.4,139
201,223,remove,6,69,5,20,0,53.4,53.4,0,100.0,45948.9,1021.1,138
202,224,remove,11,33,15,90,0,51.9,51.9,0,100.0,44871.0,1019.8,135
203,224,remove,4,42,7,69,0,51.2,51.2,0,100.0,44470.7,1034.2,134
204,225,remove,11,57,9,35,0,50.3,50.3,0,100.0,43969.9,1046.9,133
205,226,remove,6,58,15,35,0,48.8,48.8,0,100.0,42893.2,1046.2,130
206,229,remove,11,14,11,158,0,47.7,47.7,0,100.0,42176.0,1054.4,128
207,229,create,5,83,18,34,34,49.5,47.7,0,100.0,42176.0,1054.4,128
208,229,deploy,6,83,18,34,34,49.5,49.5,0,100.0,43539.8,1061.9,132
209,231,remove,4,5,5,198,0,49.0,49.0,0,100.0,43195.59999999999,1079.9,131
210,231,create,7,84,15,35,35,50.5,49.0,0,100.0,43195.59999999999,1079.9,131
211,231,deploy,6,84,15,35,35,50.5,50.5,0,100.0,44272.399999999994,1079.8,134
212,233,remove,11,64,13,36,0,49.2,49.2,0,100.0,43248.6,1081.2,131
213,233,create,10,85,20,27,27,51.2,49.2,0,100.0,43248.6,1081.2,131
214,233,create,9,86,9,68,68,52.1,49.2,0,100.0,43248.6,1081.2,131
215,233,deploy,11,85,20,27,27,52.1,51.2,0,100.0,44711.2,1090.5,135
216,233,deploy,4,86,9,68,68,52.1,52.1,0,100.0,44962.1,1070.5,135
217,234,create,7,87,8,588,588,52.9,52.1,0,100.0,44962.1,1070.5,135
218,234,deploy,6,87,8,588,588,52.9,52.9,0,100.0,45594.9,1060.3,137
219,235,remove,4,47,11,67,0,51.8,51.8,0,100.0,44877.600000000006,1068.5,135
220,235,remove,6,75,13,23,0,50.5,50.5,0,100.0,43815.100000000006,1068.7,132
221,235,create,7,88,16,37,37,52.1,50.5,0,100.0,43815.100000000006,1068.7,132
222,235,deploy,4,88,16,37,37,52.1,52.1,0,100.0,44666.100000000006,1063.5,134
223,236,remove,6,78,8,21,0,51.3,51.3,0,100.0,44237.4,1079.0,133
224,236,create,10,89,12,512,512,52.5,51.3,0,100.0,44237.4,1079.0,133
225,236,deploy,11,89,12,512,512,52.5,52.5,0,100.0,44979.3,1070.9,135
226,237,remove,6,79,11,22,0,51.4,51.4,0,100.0,43972.3,1072.5,132
227,238,create,5,90,15,8,8,52.9,51.4,0,100.0,43972.3,1072.5,132
228,238,create,10,91,13,115,115,54.2,51.4,0,100.0,43972.3,1072.5,132
229,238,deploy,6,90,15,8,8,54.2,52.9,0,100.0,45091.3,1073.6,135
230,238,deploy,11,91,13,115,115,54.2,54.2,0,100.0,46111.3,1072.4,138
231,240,create,10,92,9,229,229,55.1,54.2,0,100.0,46111.3,1072.4,138
232,240,create,10,93,12,1,1,56.2,54.2,0,100.0,46111.3,1072.4,138
233,240,deploy,11,92,9,229,229,56.2,55.1,0,100.0,46814.4,1064.0,140
234,240,deploy,11,93,12,1,1,56.2,56.2,0,100.0,47808.3,1062.4,143
235,241,remove,6,63,20,47,0,54.3,54.3,0,100.0,46389.3,1054.3,139
236,241,remove,11,93,12,1,0,53.1,53.1,0,100.0,45351.600000000006,1054.7,136
237,242,create,9,94,10,55,55,54.1,53.1,0,100.0,45351.600000000006,1054.7,136
238,242,deploy,6,94,10,55,55,54.1,54.1,0,100.0,46041.5,1046.4,138
239,243,remove,4,55,13,57,0,52.8,52.8,0,100.0,45227.5,1051.8,136
240,244,remove,6,76,17,32,0,51.1,51.1,0,100.0,44098.8,1050.0,133
241,245,create,9,95,16,288,288,52.7,51.1,0,100.0,44098.8,1050.0,133
242,245,deploy,4,95,16,288,288,52.7,52.7,0,100.0,45198.3,1051.1,136
243,246,remove,6,90,15,8,0,51.2,51.2,0,100.0,44077.5,1049.5,133
244,247,create,5,96,20,59,59,53.2,51.2,0,100.0,44077.5,1049.5,133
245,247,create,9,97,4,31,31,53.6,51.2,0,100.0,44077.5,1049.5,133
246,247,create,5,98,15,108,108,55.1,51.2,0,100.0,44077.5,1049.5,133
247,247,deploy,6,96,20,59,59,55.1,53.2,0,100.0,45582.0,1060.0,137
248,247,deploy,4,97,4,31,31,55.1,53.6,0,100.0,45898.399999999994,1043.1,138
249,247,deploy,6,98,15,108,108,55.1,55.1,0,100.0,46971.3,1043.8,141
250,248,create,5,99,9,349,349,56.0,55.1,0,100.0,46971.3,1043.8,141
251,248,deploy,6,99,9,349,349,56.0,56.0,0,100.0,47675.899999999994,1036.4,143
252,250,remove,6,13,16,179,0,54.4,54.4,0,100.0,46530.3,1034.0,140
253,253,create,5,100,13,180,180,55.7,54.4,0,100.0,46530.3,1034.0,140
254,253,deploy,6,100,13,180,180,55.7,55.7,0,100.0,47592.0,1034.6,143
255,255,remove,4,28,8,139,0,54.9,54.9,0,100.0,47163.399999999994,1048.1,142
256,255,create,9,101,19,62,62,56.7,54.9,0,100.0,47163.399999999994,1048.1,142
257,255,deploy,6,101,19,62,62,56.7,56.7,0,100.0,48348.600000000006,1051.1,145
258,256,remove,4,38,14,113,0,55.4,55.4,0,100.0,47504.399999999994,1055.7,143
259,256,create,7,102,20,119,119,57.3,55.4,0,100.0,47504.399999999994,1055.7,143
260,256,deploy,4,102,20,119,119,57.3,57.3,0,100.0,48717.399999999994,1059.1,146
261,257,create,7,103,7,98,98,58.0,57.3,0,100.0,48717.399999999994,1059.1,146
262,257,create,7,104,8,72,72,58.8,57.3,0,100.0,48717.399999999994,1059.1,146
263,257,deploy,11,103,7,98,98,58.8,58.0,0,100.0,49322.5,1049.4,148
264,257,deploy,11,104,8,72,72,58.8,58.8,0,100.0,50042.1,1042.5,150
265,259,remove,6,82,13,38,0,57.5,57.5,0,100.0,49021.200000000004,1043.0,147
266,260,remove,11,85,20,27,0,55.6,55.6,0,100.0,47764.200000000004,1038.4,144
267,260,create,7,105,8,49,49,56.3,55.6,0,100.0,47764.200000000004,1038.4,144
268,260,deploy,6,105,8,49,49,56.3,56.3,0,100.0,48438.1,1030.6,146
269,261,create,5,106,14,69,69,57.7,56.3,0,100.0,48438.1,1030.6,146
270,261,deploy,1,106,14,69,69,57.7,57.7,0,100.0,49773.9,1037.0,150
271,262,create,9,107,9,3,3,58.6,57.7,0,100.0,49773.9,1037.0,150
272,262,deploy,11,107,9,3,3,58.6,58.6,0,100.0,50521.8,1031.1,152
273,263,remove,6,83,18,34,0,56.8,56.8,0,100.0,49363.100000000006,1028.4,149
274,263,create,9,108,6,44,44,57.4,56.8,0,100.0,49363.100000000006,1028.4,149
275,263,deploy,6,108,6,44,44,57.4,57.4,0,100.0,49940.2,1019.2,151
276,265,remove,11,107,9,3,0,56.5,56.5,0,100.0,49192.299999999996,1024.8,149
277,266,remove,6,84,15,35,0,55.1,55.1,0,100.0,48157.299999999996,1024.6,146
278,266,create,9,109,16,277,277,56.6,55.1,0,100.0,48157.299999999996,1024.6,146
279,266,deploy,6,109,16,277,277,56.6,56.6,0,100.0,49015.9,1021.2,148
280,267,remove,11,67,10,67,0,55.7,55.7,0,100.0,48197.6,1025.5,146
281,267,create,10,110,13,98,98,56.9,55.7,0,100.0,48197.6,1025.5,146
282,267,deploy,11,110,13,98,98,56.9,56.9,0,100.0,49056.9,1022.0,148
283,268,create,5,111,18,309,309,58.7,56.9,0,100.0,49056.9,1022.0,148
284,268,deploy,1,111,18,309,309,58.7,58.7,0,100.0,50546.700000000004,1031.6,152
285,269,remove,11,49,12,98,0,57.5,57.5,0,100.0,49552.200000000004,1032.3,149
286,269,remove,11,80,8,52,0,56.7,56.7,0,100.0,48919.4,1040.8,147
287,270,create,7,112,17,356,356,58.4,56.7,0,100.0,48919.4,1040.8,147
288,270,deploy,6,112,17,356,356,58.4,58.4,0,100.0,50049.99999999999,1042.7,150
289,272,remove,4,88,16,37,0,56.8,56.8,0,100.0,49155.6,1045.9,148
290,272,create,7,113,18,58,58,58.6,56.8,0,100.0,49155.6,1045.9,148
291,272,deploy,4,113,18,58,58,58.6,58.6,0,100.0,50106.2,1043.9,150
292,273,create,9,114,4,2,2,59.0,58.6,0,100.0,50106.2,1043.9,150
293,273,create,5,115,20,50,50,61.0,58.6,0,100.0,50106.2,1043.9,150
294,273,deploy,11,114,4,2,2,61.0,59.0,0,100.0,50422.6,1029.0,151
295,273,deploy,1,115,20,50,50,61.0,61.0,0,100.0,52215.2,1044.3,156
296,275,create,9,116,4,166,166,61.4,61.0,0,100.0,52215.2,1044.3,156
297,275,remove,11,114,4,2,0,61.0,60.6,0,100.0,51898.799999999996,1059.2,155
298,275,deploy,11,116,4,166,166,61.0,61.0,0,100.0,52260.5,1045.2,156
299,276,remove,4,36,11,135,0,59.9,59.9,0,100.0,51499.40000000001,1051.0,154
300,276,remove,4,61,7,82,0,59.2,59.2,0,100.0,51099.40000000001,1064.6,153
301,278,remove,6,68,20,75,0,57.2,57.2,0,100.0,49594.7,1055.2,149
302,278,remove,4,97,4,31,0,56.8,56.8,0,100.0,49278.3,1071.3,148
303,279,create,10,117,11,214,214,57.9,56.8,0,100.0,49278.3,1071.3,148
304,279,create,7,118,7,145,145,58.6,56.8,0,100.0,49278.3,1071.3,148
305,279,create,5,119,15,109,109,60.1,56.8,0,100.0,49278.3,1071.3,148
306,279,create,9,120,6,64,64,60.7,56.8,0,100.0,49278.3,1071.3,148
307,279,create,5,121,19,92,92,62.6,56.8,0,100.0,49278.3,1071.3,148
308,279,deploy,11,117,11,214,214,62.6,57.9,0,100.0,49995.7,1063.7,150
309,279,deploy,6,118,7,145,145,62.6,58.6,0,100.0,50438.3,1050.8,151
310,279,deploy,4,119,15,109,109,62.6,60.1,0,100.0,51471.5,1050.4,154
311,279,deploy,4,120,6,64,64,62.6,60.7,0,100.0,51886.600000000006,1037.7,155
312,279,deploy,11,121,19,92,92,62.6,62.6,0,100.0,53361.7,1046.3,159
313,280,create,10,122,4,73,73,63.0,62.6,0,100.0,53361.7,1046.3,159
314,280,create,9,123,7,234,234,63.7,62.6,0,100.0,53361.7,1046.3,159
315,280,deploy,11,122,4,73,73,63.7,63.0,0,100.0,53678.100000000006,1032.3,160
316,280,deploy,6,123,7,234,234,63.7,63.7,0,100.0,54365.399999999994,1025.8,162
317,281,create,7,124,9,51,51,64.6,63.7,0,100.0,54365.399999999994,1025.8,162
318,281,create,7,125,9,144,144,65.5,63.7,0,100.0,54365.399999999994,1025.8,162
319,281,deploy,11,124,9,51,51,65.5,64.6,0,100.0,55027.0,1019.0,164
320,281,deploy,11,125,9,144,144,65.5,65.5,0,100.0,55730.899999999994,1013.3,166
321,282,create,9,126,17,371,371,67.2,65.5,0,100.0,55730.899999999994,1013.3,166
322,282,deploy,11,126,17,371,371,67.2,67.2,0,100.0,57319.0,1023.6,171
323,283,create,7,127,16,76,76,68.8,67.2,0,100.0,57319.0,1023.6,171
324,283,deploy,11,127,16,76,76,68.8,68.8,0,100.0,58628.1,1028.6,175
325,284,create,7,128,5,143,143,69.2,68.8,0,100.0,58628.1,1028.6,175
326,284,deploy,6,128,5,143,143,69.2,69.2,0,100.0,58972.5,1016.8,176
327,287,create,5,129,6,360,360,69.8,69.2,0,100.0,58972.5,1016.8,176
328,287,deploy,1,129,6,360,360,69.8,69.8,0,100.0,59549.6,1009.3,178
329,288,create,9,130,8,124,124,70.6,69.8,0,100.0,59549.6,1009.3,178
330,288,deploy,11,130,8,124,124,70.6,70.6,0,100.0,60227.1,1003.8,180
331,289,remove,11,51,10,109,0,69.6,69.6,0,100.0,59493.799999999996,1008.4,178
332,289,create,10,131,16,165,165,71.2,69.6,0,100.0,59493.799999999996,1008.4,178
333,289,create,7,132,19,160,160,73.1,69.6,0,100.0,59493.799999999996,1008.4,178
334,289,deploy,11,131,16,165,165,73.1,71.2,0,100.0,60803.299999999996,1013.4,182
335,289,deploy,11,132,19,160,160,73.1,73.1,0,100.0,62194.1,1019.6,186
336,290,create,5,133,13,50,50,74.4,73.1,0,100.0,62194.1,1019.6,186
337,290,deploy,11,133,13,50,50,74.4,74.4,0,100.0,63259.2,1020.3,189
338,293,create,10,134,11,161,161,75.5,74.4,0,100.0,63259.2,1020.3,189
339,293,deploy,11,134,11,161,161,75.5,75.5,0,100.0,64225.299999999996,1019.4,192
340,294,create,10,135,8,12,12,76.3,75.5,0,100.0,64225.299999999996,1019.4,192
341,294,deploy,11,135,8,12,12,76.3,76.3,0,100.0,64859.1,1013.4,194
342,295,create,9,136,9,111,111,77.2,76.3,0,100.0,64859.1,1013.4,194
343,295,deploy,11,136,9,111,111,77.2,77.2,0,100.0,65564.0,1008.7,196
344,296,create,10,137,7,134,134,77.9,77.2,0,100.0,65564.0,1008.7,196
345,296,create,9,138,12,1,1,79.1,77.2,0,100.0,65564.0,1008.7,196
346,296,deploy,11,137,7,134,134,79.1,77.9,0,100.0,66169.2,1002.6,198
347,296,deploy,11,138,12,1,1,79.1,79.1,0,100.0,67163.4,1002.4,201
348,297,remove,6,94,10,55,0,78.1,78.1,0,100.0,66473.59999999999,1007.2,199
349,297,create,5,139,5,283,283,78.6,78.1,0,100.0,66473.59999999999,1007.2,199
350,297,remove,11,138,12,1,0,77.4,76.9,0,100.0,65435.09999999999,1006.7,196
351,297,deploy,6,139,5,283,283,77.4,77.4,0,100.0,65781.4,996.7,197
352,299,create,5,140,12,113,113,78.6,77.4,0,100.0,65781.4,996.7,197
353,299,create,5,141,4,323,323,79.0,77.4,0,100.0,65781.4,996.7,197
354,299,deploy,11,140,12,113,113,79.0,78.6,0,100.0,66819.5,997.3,200
355,299,deploy,6,141,4,323,323,79.0,79.0,0,100.0,67135.9,987.3,201
356,300,create,5,142,15,76,76,80.5,79.0,0,100.0,67135.9,987.3,201
357,300,deploy,11,142,15,76,76,80.5,80.5,0,100.0,68462.3,992.2,205
358,301,remove,4,86,9,68,0,79.6,79.6,0,100.0,68213.2,1003.1,205
359,301,create,10,143,18,402,402,81.3,79.6,0,100.0,68213.2,1003.1,205
360,301,deploy,11,143,18,402,402,81.3,81.3,0,100.0,69577.9,1008.4,209
361,306,remove,6,96,20,59,0,79.4,79.4,0,100.0,68321.1,1004.7,206
362,306,remove,11,135,8,12,0,78.6,78.6,0,100.0,67687.4,1010.3,204
363,307,remove,6,108,6,44,0,78.0,78.0,0,100.0,67315.4,1019.9,203
364,308,create,10,144,16,202,202,79.6,78.0,0,100.0,67315.4,1019.9,203
365,308,deploy,11,144,16,202,202,79.6,79.6,0,100.0,68575.7,1023.5,207
366,309,remove,6,105,8,49,0,78.8,78.8,0,100.0,68108.1,1031.9,206
367,311,create,7,145,10,41,41,79.8,78.8,0,100.0,68108.1,1031.9,206
368,311,deploy,6,145,10,41,41,79.8,79.8,0,100.0,68838.6,1027.4,208
369,315,create,7,146,12,45,45,81.0,79.8,0,100.0,68838.6,1027.4,208
370,315,deploy,6,146,12,45,45,81.0,81.0,0,100.0,69421.2,1020.9,209
371,317,remove,6,101,19,62,0,79.1,79.1,0,100.0,68441.5,1021.5,207
372,317,create,10,147,14,18,18,80.5,79.1,0,100.0,68441.5,1021.5,207
373,317,create,10,148,17,162,162,82.1,79.1,0,100.0,68441.5,1021.5,207
374,317,deploy,11,147,14,18,18,82.1,80.5,0,100.0,69695.8,1024.9,211
375,317,deploy,11,148,17,162,162,82.1,82.1,0,100.0,71035.3,1029.5,215
376,319,create,7,149,14,44,44,83.5,82.1,0,100.0,71035.3,1029.5,215
377,319,deploy,6,149,14,44,44,83.5,83.5,0,100.0,71878.4,1026.8,217
378,320,create,10,150,5,250,250,84.0,83.5,0,100.0,71878.4,1026.8,217
379,320,deploy,11,150,5,250,250,84.0,84.0,0,100.0,72222.7,1017.2,218
380,321,create,9,151,18,380,380,85.8,84.0,0,100.0,72222.7,1017.2,218
381,321,create,5,152,17,15,15,87.5,84.0,0,100.0,72222.7,1017.2,218
382,321,deploy,6,151,18,380,380,87.5,85.8,0,100.0,73171.0,1016.3,220
383,321,deploy,11,152,17,15,15,87.5,87.5,0,100.0,74595.8,1021.9,224
384,323,remove,1,115,20,50,0,85.5,85.5,0,100.0,72761.5,1010.6,219
385,323,create,10,153,15,20,20,87.0,85.5,0,100.0,72761.5,1010.6,219
386,323,create,5,154,10,13,13,88.0,85.5,0,100.0,72761.5,1010.6,219
387,323,deploy,11,153,15,20,20,88.0,87.0,0,100.0,74042.70000000001,1014.3,223
388,323,deploy,4,154,10,13,13,88.0,88.0,0,100.0,74320.1,1004.3,223
389,324,create,5,155,9,62,62,88.9,88.0,0,100.0,74320.1,1004.3,223
390,324,deploy,1,155,9,62,62,88.9,88.9,0,100.0,75105.79999999999,1001.4,225
391,327,create,7,156,16,58,58,90.5,88.9,0,100.0,75105.79999999999,1001.4,225
392,327,create,7,157,7,67,67,91.2,88.9,0,100.0,75105.79999999999,1001.4,225
393,327,deploy,11,156,16,58,58,91.2,90.5,0,100.0,76416.6,1005.5,229
394,327,deploy,11,157,7,67,67,91.2,91.2,0,100.0,77022.6,1000.3,231
395,328,remove,4,10,9,276,0,90.3,90.3,0,100.0,76361.0,1004.8,229
396,329,remove,11,104,8,72,0,89.5,89.5,0,100.0,75889.40000000001,1011.9,228
397,329,create,9,158,13,36,36,90.8,89.5,0,100.0,75889.40000000001,1011.9,228
398,329,create,5,159,13,230,230,92.1,89.5,0,100.0,75889.40000000001,1011.9,228
399,329,deploy,11,158,13,36,36,92.1,90.8,0,100.0,76705.3,1009.3,230
400,329,deploy,1,159,13,230,230,92.1,92.1,0,100.0,77851.7,1011.1,233
401,330,remove,1,106,14,69,0,90.7,90.7,0,100.0,76762.1,1010.0,230
402,330,remove,4,113,18,58,0,88.9,88.9,0,100.0,75766.8,1010.2,228
403,330,create,10,160,19,170,170,90.8,88.9,0,100.0,75766.8,1010.2,228
404,330,create,9,161,8,70,70,91.6,88.9,0,100.0,75766.8,1010.2,228
405,330,create,9,162,11,293,293,92.7,88.9,0,100.0,75766.8,1010.2,228
406,330,deploy,11,160,19,170,170,92.7,90.8,0,100.0,77453.20000000001,1019.1,233
407,330,deploy,4,161,8,70,70,92.7,91.6,0,100.0,77923.0,1012.0,234
408,330,deploy,4,162,11,293,293,92.7,92.7,0,100.0,78477.70000000001,1006.1,235
409,331,create,7,163,4,174,174,93.1,92.7,0,100.0,78477.70000000001,1006.1,235
410,331,deploy,4,163,4,174,174,93.1,93.1,0,100.0,78794.1,997.4,236
411,332,remove,11,124,9,51,0,92.2,92.2,0,100.0,78132.6,1001.7,234
412,334,create,10,164,4,33,33,92.6,92.2,0,100.0,78132.6,1001.7,234
413,334,create,10,165,13,208,208,93.8,92.2,0,100.0,78132.6,1001.7,234
414,334,deploy,11,164,4,33,33,93.8,92.6,0,100.0,78449.0,993.0,235
415,334,deploy,11,165,13,208,208,93.8,93.8,0,100.0,79427.4,992.8,238
416,335,remove,11,147,14,18,0,92.5,92.5,0,100.0,78377.8,992.1,235
417,335,create,5,166,17,118,118,94.1,92.5,0,100.0,78377.8,992.1,235
418,335,create,10,167,20,62,62,96.1,92.5,0,100.0,78377.8,992.1,235
419,335,deploy,1,166,17,118,118,96.1,94.1,0,100.0,79756.5,997.0,239
420,335,deploy,11,167,20,62,62,96.1,96.1,0,100.0,81173.29999999999,1002.1,243
421,336,remove,11,152,17,15,0,94.4,94.4,0,100.0,79791.7,997.4,239
422,336,remove,4,154,10,13,0,93.5,93.5,0,100.0,79514.3,1006.5,239
423,337,remove,11,46,15,172,0,92.0,92.0,0,100.0,78441.70000000001,1005.7,236
424,337,create,10,168,9,76,76,92.9,92.0,0,100.0,78441.70000000001,1005.7,236
425,337,deploy,11,168,9,76,76,92.9,92.9,0,100.0,79147.1,1001.9,238
426,340,remove,11,133,13,50,0,91.6,91.6,0,100.0,78329.9,1004.2,236
427,340,create,5,169,8,80,80,92.4,91.6,0,100.0,78329.9,1004.2,236
428,340,create,10,170,17,17,17,94.0,91.6,0,100.0,78329.9,1004.2,236
429,340,deploy,4,169,8,80,80,94.0,92.4,0,100.0,78553.4,994.3,236
430,340,deploy,11,170,17,17,17,94.0,94.0,0,100.0,79683.9,996.0,239
431,341,create,10,171,19,76,76,95.9,94.0,0,100.0,79683.9,996.0,239
432,341,deploy,11,171,19,76,76,95.9,95.9,0,100.0,81121.20000000001,1001.5,243
433,342,create,7,172,16,24,24,97.5,95.9,0,100.0,81121.20000000001,1001.5,243
434,342,deploy,11,172,16,24,24,97.5,97.5,0,100.0,82431.1,1005.3,247
435,343,remove,4,120,6,64,0,96.9,96.9,0,100.0,82263.70000000001,1015.6,247
436,343,remove,11,153,15,20,0,95.4,95.4,0,100.0,81229.5,1015.4,244
437,344,remove,6,52,19,161,0,93.6,93.6,0,100.0,80047.0,1013.3,241
438,344,create,5,173,19,19,19,95.4,93.6,0,100.0,80047.0,1013.3,241
439,344,deploy,6,173,19,19,19,95.4,95.4,0,100.0,81228.6,1015.4,244
440,345,remove,4,66,16,145,0,93.8,93.8,0,100.0,80123.6,1014.2,241
441,346,remove,6,62,10,152,0,92.9,92.9,0,100.0,79434.1,1018.4,239
442,351,create,10,174,11,7,7,93.9,92.9,0,100.0,79434.1,1018.4,239
443,351,deploy,11,174,11,7,7,93.9,93.9,0,100.0,80151.4,1014.6,241
444,352,remove,4,72,12,144,0,92.8,92.8,0,100.0,79115.8,1014.3,238
445,352,remove,6,145,10,41,0,91.8,91.8,0,100.0,78549.20000000001,1020.1,237
446,352,create,9,175,15,201,201,93.3,91.8,0,100.0,78549.20000000001,1020.1,237
447,352,create,7,176,15,62,62,94.7,91.8,0,100.0,78549.20000000001,1020.1,237
448,352,create,9,177,14,18,18,96.1,91.8,0,100.0,78549.20000000001,1020.1,237
449,352,create,7,178,7,77,77,96.8,91.8,0,100.0,78549.20000000001,1020.1,237
450,352,deploy,4,175,15,201,201,96.8,93.3,0,100.0,79417.0,1018.2,239
451,352,deploy,6,176,15,62,62,96.8,94.7,0,100.0,80328.3,1016.8,241
452,352,deploy,4,177,14,18,18,96.8,96.1,0,100.0,81170.3,1014.6,243
453,352,deploy,4,178,7,77,77,96.8,96.8,0,100.0,81817.0,1010.1,245
454,353,remove,11,91,13,115,0,95.5,95.5,0,100.0,81002.1,1012.5,243
455,353,remove,11,122,4,73,0,95.1,95.1,0,100.0,80685.70000000001,1021.3,242
456,355,remove,6,98,15,108,0,93.7,93.7,0,100.0,79816.6,1023.3,240
457,355,remove,11,103,7,98,0,93.0,93.0,0,100.0,79416.7,1031.4,239
458,355,create,5,179,12,141,141,94.1,93.0,0,100.0,79416.7,1031.4,239
459,355,deploy,6,179,12,141,141,94.1,94.1,0,100.0,80205.1,1028.3,241
460,356,create,5,180,4,64,64,94.5,94.1,0,100.0,80205.1,1028.3,241
461,356,deploy,4,180,4,64,64,94.5,94.5,0,100.0,80521.5,1019.3,242
462,357,remove,11,170,17,17,0,92.9,92.9,0,100.0,79390.9,1017.8,239
463,358,create,10,181,17,166,166,94.5,92.9,0,100.0,79390.9,1017.8,239
464,358,remove,11,174,11,7,0,93.5,91.8,0,100.0,78673.70000000001,1021.7,237
465,358,deploy,11,181,17,166,166,93.5,93.5,0,100.0,80007.9,1025.7,241
466,359,remove,4,70,10,154,0,92.5,92.5,0,100.0,79524.1,1032.8,240
467,359,remove,11,127,16,76,0,90.9,90.9,0,100.0,78419.7,1031.8,237
468,359,create,7,182,18,492,492,92.7,90.9,0,100.0,78419.7,1031.8,237
469,359,create,5,183,20,137,137,94.6,90.9,0,100.0,78419.7,1031.8,237
470,359,deploy,11,182,18,492,492,94.6,92.7,0,100.0,79370.3,1030.8,239
471,359,deploy,11,183,20,137,137,94.6,94.6,0,100.0,80789.7,1035.8,243
472,360,remove,4,35,7,225,0,93.9,93.9,0,100.0,80346.4,1043.5,242
473,360,remove,6,146,12,45,0,92.8,92.8,0,100.0,79766.2,1049.6,241
474,360,create,7,184,11,9,9,93.8,92.8,0,100.0,79766.2,1049.6,241
475,360,deploy,6,184,11,9,9,93.8,93.8,0,100.0,80277.8,1042.6,242
476,363,remove,6,149,14,44,0,92.5,92.5,0,100.0,79644.5,1048.0,241
477,363,remove,6,173,19,19,0,90.6,90.6,0,100.0,78462.0,1046.2,238
478,363,create,10,185,6,13,13,91.2,90.6,0,100.0,78462.0,1046.2,238
479,363,deploy,11,185,6,13,13,91.2,91.2,0,100.0,78834.0,1037.3,239
480,364,create,9,186,9,14,14,92.1,91.2,0,100.0,78834.0,1037.3,239
481,364,create,5,187,8,18,18,92.9,91.2,0,100.0,78834.0,1037.3,239
482,364,create,7,188,6,884,884,93.5,91.2,0,100.0,78834.0,1037.3,239
483,364,deploy,4,186,9,14,14,93.5,92.1,0,100.0,79332.9,1030.3,240
484,364,deploy,4,187,8,18,18,93.5,92.9,0,100.0,79761.6,1022.6,241
485,364,deploy,6,188,6,884,884,93.5,93.5,0,100.0,80133.7,1014.4,242
486,365,remove,11,110,13,98,0,92.2,92.2,0,100.0,79317.8,1016.9,240
487,365,remove,11,158,13,36,0,90.9,90.9,0,100.0,78505.2,1019.5,238
488,365,create,7,189,6,7,7,91.5,90.9,0,100.0,78505.2,1019.5,238
489,365,deploy,6,189,6,7,7,91.5,91.5,0,100.0,78920.29999999999,1011.8,239
490,366,remove,11,172,16,24,0,89.9,89.9,0,100.0,77610.4,1007.9,235
491,367,remove,11,164,4,33,0,89.5,89.5,0,100.0,77294.0,1017.0,234
492,368,create,7,190,18,31,31,91.3,89.5,0,100.0,77294.0,1017.0,234
493,368,deploy,6,190,18,31,31,91.3,91.3,0,100.0,78036.70000000001,1013.5,235
494,369,remove,6,184,11,9,0,90.2,90.2,0,100.0,77528.70000000001,1020.1,234
495,369,create,7,191,16,36,36,91.8,90.2,0,100.0,77528.70000000001,1020.1,234
496,369,deploy,6,191,16,36,36,91.8,91.8,0,100.0,78420.29999999999,1018.4,236
497,370,remove,4,177,14,18,0,90.4,90.4,0,100.0,77578.29999999999,1020.8,234
498,370,create,10,192,17,7,7,92.1,90.4,0,100.0,77578.29999999999,1020.8,234
499,370,create,5,193,17,12,12,93.8,90.4,0,100.0,77578.29999999999,1020.8,234
500,370,deploy,11,192,17,7,7,93.8,92.1,0,100.0,78709.29999999999,1022.2,237
501,370,deploy,11,193,17,12,12,93.8,93.8,0,100.0,79839.2,1023.6,240
502,371,remove,11,121,19,92,0,91.9,91.9,0,100.0,78696.0,1022.0,237
503,372,remove,6,189,6,7,0,91.3,91.3,0,100.0,78529.0,1033.3,237
504,375,remove,4,102,20,119,0,89.3,89.3,0,100.0,77355.5,1031.4,234
505,375,create,7,194,13,65,65,90.6,89.3,0,100.0,77355.5,1031.4,234
506,375,create,5,195,19,156,156,92.5,89.3,0,100.0,77355.5,1031.4,234
507,375,create,7,196,20,224,224,94.4,89.3,0,100.0,77355.5,1031.4,234
508,375,deploy,6,194,13,65,65,94.4,90.6,0,100.0,77921.6,1025.3,235
509,375,deploy,4,195,19,156,156,94.4,92.5,0,100.0,79106.79999999999,1027.4,238
510,375,deploy,11,196,20,224,224,94.4,94.4,0,100.0,80481.7,1031.8,242
511,376,remove,11,142,15,76,0,93.0,93.0,0,100.0,79405.0,1031.2,239
512,376,remove,11,185,6,13,0,92.4,92.4,0,100.0,79238.1,1042.6,239
513,377,create,9,197,4,46,46,92.8,92.4,0,100.0,79238.1,1042.6,239
514,377,remove,11,192,17,7,0,91.1,90.7,0,100.0,78312.29999999999,1044.2,237
515,377,deploy,4,197,4,46,46,91.1,91.1,0,100.0,78424.1,1031.9,237
516,378,remove,4,186,9,14,0,90.2,90.2,0,100.0,77927.0,1039.0,236
517,379,create,5,198,6,137,137,90.8,90.2,0,100.0,77927.0,1039.0,236
518,379,deploy,4,198,6,137,137,90.8,90.8,0,100.0,78299.0,1030.2,237
519,380,create,7,199,15,166,166,92.3,90.8,0,100.0,78299.0,1030.2,237
520,380,deploy,4,199,15,166,166,92.3,92.3,0,100.0,79166.29999999999,1028.1,239
521,381,create,5,200,17,74,74,93.9,92.3,0,100.0,79166.29999999999,1028.1,239
522,381,deploy,11,200,17,74,74,93.9,93.9,0,100.0,79886.0,1024.2,240
523,382,remove,4,187,8,18,0,93.2,93.2,0,100.0,79416.3,1031.4,239
524,382,remove,11,193,17,12,0,91.5,91.5,0,100.0,78285.0,1030.1,236
525,383,create,7,201,16,543,543,93.1,91.5,0,100.0,78285.0,1030.1,236
526,383,deploy,11,201,16,543,543,93.1,93.1,0,100.0,79182.9,1028.3,238
527,384,create,10,202,6,116,116,93.7,93.1,0,100.0,79182.9,1028.3,238
528,384,create,5,203,20,98,98,95.6,93.1,0,100.0,79182.9,1028.3,238
529,384,create,7,204,15,39,39,97.1,93.1,0,100.0,79182.9,1028.3,238
530,384,deploy,11,202,6,116,116,97.1,93.7,0,100.0,79598.9,1020.5,239
531,384,deploy,11,203,20,98,98,97.1,95.6,0,100.0,80974.2,1025.0,243
532,384,deploy,11,204,15,39,39,97.1,97.1,0,100.0,82256.7,1028.2,247
533,385,remove,6,81,11,165,0,96.0,96.0,0,100.0,81539.9,1032.2,245
534,385,remove,11,156,16,58,0,94.4,94.4,0,100.0,80481.1,1031.8,242
535,385,create,10,205,15,219,219,95.9,94.4,0,100.0,80481.1,1031.8,242
536,385,deploy,11,205,15,219,219,95.9,95.9,0,100.0,81513.9,1031.8,245
537,386,remove,1,155,9,62,0,95.0,95.0,0,100.0,80810.7,1036.0,243
538,387,create,7,206,12,305,305,96.2,95.0,0,100.0,80810.7,1036.0,243
539,387,deploy,6,206,12,305,305,96.2,96.2,0,100.0,81555.7,1032.4,245
540,388,remove,4,119,15,109,0,94.7,94.7,0,100.0,80731.1,1035.0,243
541,388,create,10,207,8,30,30,95.5,94.7,0,100.0,80731.1,1035.0,243
542,388,deploy,11,207,8,30,30,95.5,95.5,0,100.0,81201.8,1027.9,244
543,389,create,9,208,5,314,314,96.0,95.5,0,100.0,81201.8,1027.9,244
544,389,deploy,4,208,5,314,314,96.0,96.0,0,100.0,81341.0,1016.8,244
545,391,remove,4,16,12,314,0,94.8,94.8,0,100.0,80555.1,1019.7,242
546,391,create,5,209,18,10,10,96.6,94.8,0,100.0,80555.1,1019.7,242
547,391,create,9,210,9,301,301,97.5,94.8,0,100.0,80555.1,1019.7,242
548,391,deploy,4,209,18,10,10,97.5,96.6,0,100.0,81751.1,1021.9,245
549,391,deploy,4,210,9,301,301,97.5,97.5,0,100.0,82413.5,1017.5,247
550,394,remove,11,157,7,67,0,96.8,96.8,0,100.0,82013.1,1025.2,246
551,395,create,7,211,12,115,115,98.0,96.8,0,100.0,82013.1,1025.2,246
552,395,create,5,212,9,49,49,98.9,96.8,0,100.0,82013.1,1025.2,246
553,395,create,9,213,9,193,193,99.8,96.8,0,100.0,82013.1,1025.2,246
554,395,deploy,11,211,12,115,115,99.8,98.0,0,100.0,82964.1,1024.2,249
555,395,deploy,1,212,9,49,49,99.8,98.9,0,100.0,83667.3,1020.3,251
556,395,drop,-,213,9,193,193,98.9,98.9,0,99.5,83667.3,1020.3,251
557,396,create,5,214,11,47,47,100.0,98.9,0,99.5,83667.3,1020.3,251
558,396,create,9,215,18,43,43,101.8,98.9,0,99.5,83667.3,1020.3,251
559,396,drop,-,214,11,47,47,100.7,98.9,0,99.1,83667.3,1020.3,251
560,396,drop,-,215,18,43,43,98.9,98.9,0,98.6,83667.3,1020.3,251
561,397,remove,11,167,20,62,0,96.9,96.9,0,98.6,82248.8,1015.4,247
562,398,create,7,216,12,104,104,98.1,96.9,0,98.6,82248.8,1015.4,247
563,398,deploy,11,216,12,104,104,98.1,98.1,0,98.6,82994.4,1012.1,249
564,399,remove,6,190,18,31,0,96.3,96.3,0,98.6,82249.9,1015.4,248
565,399,create,5,217,15,183,183,97.8,96.3,0,98.6,82249.9,1015.4,248
566,399,deploy,6,217,15,183,183,97.8,97.8,0,98.6,82910.9,1011.1,249
567,400,remove,4,161,8,70,0,97.0,97.0,0,98.6,82689.20000000001,1020.9,249
568,400,create,9,218,16,128,128,98.6,97.0,0,98.6,82689.20000000001,1020.9,249
569,400,create,7,219,6,89,89,99.2,97.0,0,98.6,82689.20000000001,1020.9,249
570,400,drop,-,218,16,128,128,97.6,97.0,0,98.2,82689.20000000001,1020.9,249
571,400,deploy,4,219,6,89,89,97.6,97.6,0,98.2,82856.6,1010.4,249
572,401,create,10,220,11,146,146,98.7,97.6,0,98.2,82856.6,1010.4,249
573,401,remove,4,209,18,10,0,96.9,95.8,0,98.2,81865.70000000001,1010.7,247
574,401,create,5,221,16,9,9,98.5,95.8,0,98.2,81865.70000000001,1010.7,247
575,401,create,9,222,16,200,200,100.1,95.8,0,98.2,81865.70000000001,1010.7,247
576,401,create,7,223,16,158,158,101.7,95.8,0,98.2,81865.70000000001,1010.7,247
577,401,deploy,11,220,11,146,146,101.7,96.9,0,98.2,82831.70000000001,1010.1,250
578,401,deploy,4,221,16,9,9,101.7,98.5,0,98.2,83523.29999999999,1006.3,251
579,401,drop,-,222,16,200,200,100.1,98.5,0,97.7,83523.29999999999,1006.3,251
580,401,drop,-,223,16,158,158,98.5,98.5,0,97.3,83523.29999999999,1006.3,251
581,402,create,7,224,14,97,97,99.9,98.5,0,97.3,83523.29999999999,1006.3,251
582,402,drop,-,224,14,97,97,98.5,98.5,0,96.9,83523.29999999999,1006.3,251
583,404,create,5,225,15,142,142,100.0,98.5,0,96.9,83523.29999999999,1006.3,251
584,404,create,9,226,18,210,210,101.8,98.5,0,96.9,83523.29999999999,1006.3,251
585,404,create,7,227,5,168,168,102.3,98.5,0,96.9,83523.29999999999,1006.3,251
586,404,create,5,228,20,295,295,104.3,98.5,0,96.9,83523.29999999999,1006.3,251
587,404,create,7,229,14,53,53,105.7,98.5,0,96.9,83523.29999999999,1006.3,251
588,404,drop,-,225,15,142,142,104.2,98.5,0,96.4,83523.29999999999,1006.3,251
589,404,drop,-,226,18,210,210,102.4,98.5,0,96.0,83523.29999999999,1006.3,251
590,404,deploy,4,227,5,168,168,102.4,99.0,0,96.0,83867.5,998.4,252
591,404,drop,-,228,20,295,295,100.4,99.0,0,95.6,83867.5,998.4,252
592,404,drop,-,229,14,53,53,99.0,99.0,0,95.2,83867.5,998.4,252
593,405,remove,6,191,16,36,0,97.4,97.4,0,95.2,83222.0,1002.7,251
594,405,create,10,230,11,190,190,98.5,97.4,0,95.2,83222.0,1002.7,251
595,405,create,7,231,4,55,55,98.9,97.4,0,95.2,83222.0,1002.7,251
596,405,create,7,232,19,196,196,100.8,97.4,0,95.2,83222.0,1002.7,251
597,405,deploy,6,230,11,190,190,100.8,98.5,0,95.2,83524.6,994.3,251
598,405,deploy,6,231,4,55,55,100.8,98.9,0,95.2,83840.9,986.4,252
599,405,drop,-,232,19,196,196,98.9,98.9,0,94.8,83840.9,986.4,252
600,406,remove,11,136,9,111,0,98.0,98.0,0,94.8,83386.70000000001,992.7,251
601,407,create,9,233,12,280,280,99.2,98.0,0,94.8,83386.70000000001,992.7,251
602,407,create,10,234,8,34,34,100.0,98.0,0,94.8,83386.70000000001,992.7,251
603,407,deploy,11,233,12,280,280,100.0,99.2,0,94.8,83922.6,987.3,252
604,407,drop,-,234,8,34,34,99.2,99.2,0,94.4,83922.6,987.3,252
605,409,create,7,235,17,105,105,100.9,99.2,0,94.4,83922.6,987.3,252
606,409,drop,-,235,17,105,105,99.2,99.2,0,94.0,83922.6,987.3,252
607,410,remove,4,221,16,9,0,97.6,97.6,0,94.0,83231.0,990.8,251
608,410,create,9,236,5,45,45,98.1,97.6,0,94.0,83231.0,990.8,251
609,410,create,10,237,13,16,16,99.4,97.6,0,94.0,83231.0,990.8,251
610,410,create,10,238,13,99,99,100.7,97.6,0,94.0,83231.0,990.8,251
611,410,deploy,4,236,5,45,45,100.7,98.1,0,94.1,83413.70000000001,981.3,251
612,410,deploy,4,237,13,16,16,100.7,99.4,0,94.1,84019.0,977.0,252
613,410,drop,-,238,13,99,99,99.4,99.4,0,93.7,84019.0,977.0,252
614,412,remove,11,130,8,124,0,98.6,98.6,0,93.7,83590.9,983.4,251
615,412,remove,11,140,12,113,0,97.4,97.4,0,93.7,82802.4,985.7,249
616,413,remove,11,168,9,76,0,96.5,96.5,0,93.7,82098.4,989.1,247
617,413,create,7,239,20,139,139,98.5,96.5,0,93.7,82098.4,989.1,247
618,413,deploy,11,239,20,139,139,98.5,98.5,0,93.7,83519.6,994.3,251
619,414,remove,6,176,15,62,0,97.0,97.0,0,93.7,82564.9,994.8,249
620,416,create,5,240,20,68,68,99.0,97.0,0,93.7,82564.9,994.8,249
621,416,drop,-,240,20,68,68,97.0,97.0,0,93.3,82564.9,994.8,249
622,417,remove,11,171,19,76,0,95.1,95.1,0,93.3,81128.5,989.4,245
623,418,remove,11,207,8,30,0,94.3,94.3,0,93.3,80656.0,995.8,244
624,418,create,7,241,19,24,24,96.2,94.3,0,93.3,80656.0,995.8,244
625,418,deploy,6,241,19,24,24,96.2,96.2,0,93.4,81720.8,996.6,246
626,419,create,10,242,12,297,297,97.4,96.2,0,93.4,81720.8,996.6,246
627,419,deploy,11,242,12,297,297,97.4,97.4,0,93.4,82301.5,991.6,247
628,420,remove,4,169,8,80,0,96.6,96.6,0,93.4,82080.7,1001.0,247
629,420,remove,4,180,4,64,0,96.2,96.2,0,93.4,81764.3,1009.4,246
630,420,create,9,243,18,238,238,98.0,96.2,0,93.4,81764.3,1009.4,246
631,420,deploy,11,243,18,238,238,98.0,98.0,0,93.4,83215.20000000001,1014.8,250
632,421,create,5,244,4,20,20,98.4,98.0,0,93.4,83215.20000000001,1014.8,250
633,421,deploy,4,244,4,20,20,98.4,98.4,0,93.4,83324.70000000001,1003.9,250
634,422,create,9,245,6,70,70,99.0,98.4,0,93.4,83324.70000000001,1003.9,250
635,422,create,5,246,6,385,385,99.6,98.4,0,93.4,83324.70000000001,1003.9,250
636,422,create,9,247,7,46,46,100.3,98.4,0,93.4,83324.70000000001,1003.9,250
637,422,deploy,4,245,6,70,70,100.3,99.0,0,93.5,83697.20000000001,996.4,251
638,422,deploy,11,246,6,385,385,100.3,99.6,0,93.5,84069.3,989.1,252
639,422,drop,-,247,7,46,46,99.6,99.6,0,93.1,84069.3,989.1,252
640,423,remove,4,197,4,46,0,99.2,99.2,0,93.1,83957.6,999.5,252
641,423,remove,11,204,15,39,0,97.7,97.7,0,93.1,82880.3,998.6,249
642,423,create,7,248,18,127,127,99.5,97.7,0,93.1,82880.3,998.6,249
643,423,create,5,249,10,7,7,100.5,97.7,0,93.1,82880.3,998.6,249
644,423,drop,-,248,18,127,127,98.7,97.7,0,92.7,82880.3,998.6,249
645,423,deploy,11,249,10,7,7,98.7,98.7,0,92.8,83613.0,995.4,251
646,424,remove,6,118,7,145,0,98.0,98.0,0,92.8,83170.1,1002.0,250
647,424,create,9,250,19,106,106,99.9,98.0,0,92.8,83170.1,1002.0,250
648,424,create,5,251,14,117,117,101.3,98.0,0,92.8,83170.1,1002.0,250
649,424,create,5,252,15,121,121,102.8,98.0,0,92.8,83170.1,1002.0,250
650,424,drop,-,250,19,106,106,100.9,98.0,0,92.4,83170.1,1002.0,250
651,424,drop,-,251,14,117,117,99.5,98.0,0,92.0,83170.1,1002.0,250
652,424,drop,-,252,15,121,121,98.0,98.0,0,91.7,83170.1,1002.0,250
653,425,remove,11,125,9,144,0,97.1,97.1,0,91.7,82464.7,1005.7,248
654,425,create,9,253,15,154,154,98.6,97.1,0,91.7,82464.7,1005.7,248
655,425,deploy,11,253,15,154,154,98.6,98.6,0,91.7,83539.0,1006.5,251
656,426,remove,4,237,13,16,0,97.3,97.3,0,91.7,82728.5,1008.9,249
657,426,create,10,254,9,76,76,98.2,97.3,0,91.7,82728.5,1008.9,249
658,426,create,5,255,6,60,60,98.8,97.3,0,91.7,82728.5,1008.9,249
659,426,deploy,4,254,9,76,76,98.8,98.2,0,91.7,83224.3,1002.7,250
660,426,deploy,4,255,6,60,60,98.8,98.8,0,91.8,83596.5,995.2,251
661,427,remove,6,128,5,143,0,98.3,98.3,0,91.8,83251.8,1003.0,250
662,427,create,10,256,12,94,94,99.5,98.3,0,91.8,83251.8,1003.0,250
663,427,deploy,6,256,12,94,94,99.5,99.5,0,91.8,84040.3,1000.5,252
664,428,create,10,257,19,193,193,101.4,99.5,0,91.8,84040.3,1000.5,252
665,428,drop,-,257,19,193,193,99.5,99.5,0,91.4,84040.3,1000.5,252
666,429,remove,4,178,7,77,0,98.8,98.8,0,91.4,83597.4,1007.2,251
667,430,remove,11,137,7,134,0,98.1,98.1,0,91.4,83197.4,1014.6,250
668,430,remove,11,249,10,7,0,97.1,97.1,0,91.4,82626.4,1020.1,249
669,432,create,10,258,14,232,232,98.5,97.1,0,91.4,82626.4,1020.1,249
670,432,create,10,259,6,30,30,99.1,97.1,0,91.4,82626.4,1020.1,249
671,432,deploy,11,258,14,232,232,99.1,98.5,0,91.5,83511.1,1018.4,251
672,432,deploy,4,259,6,30,30,99.1,99.1,0,91.5,83883.1,1010.6,252
673,433,remove,6,100,13,180,0,97.8,97.8,0,91.5,83069.5,1013.0,250
674,434,create,9,260,15,158,158,99.3,97.8,0,91.5,83069.5,1013.0,250
675,434,create,5,261,5,70,70,99.8,97.8,0,91.5,83069.5,1013.0,250
676,434,create,5,262,11,205,205,100.9,97.8,0,91.5,83069.5,1013.0,250
677,434,drop,-,260,15,158,158,99.4,97.8,0,91.2,83069.5,1013.0,250
678,434,create,5,263,19,22,22,101.3,97.8,0,91.2,83069.5,1013.0,250
679,434,deploy,4,261,5,70,70,101.3,98.3,0,91.2,83251.7,1003.0,250
680,434,deploy,6,262,11,205,205,101.3,99.4,0,91.2,84009.7,1000.1,252
681,434,drop,-,263,19,22,22,99.4,99.4,0,90.9,84009.7,1000.1,252
682,435,create,7,264,20,89,89,101.4,99.4,0,90.9,84009.7,1000.1,252
683,435,drop,-,264,20,89,89,99.4,99.4,0,90.5,84009.7,1000.1,252
684,436,create,10,265,19,76,76,101.3,99.4,0,90.5,84009.7,1000.1,252
685,436,create,5,266,6,201,201,101.9,99.4,0,90.5,84009.7,1000.1,252
686,436,create,10,267,15,70,70,103.4,99.4,0,90.5,84009.7,1000.1,252
687,436,drop,-,265,19,76,76,101.5,99.4,0,90.2,84009.7,1000.1,252
688,436,drop,-,266,6,201,201,100.9,99.4,0,89.8,84009.7,1000.1,252
689,436,drop,-,267,15,70,70,99.4,99.4,0,89.5,84009.7,1000.1,252
690,437,create,10,268,16,151,151,101.0,99.4,0,89.5,84009.7,1000.1,252
691,437,drop,-,268,16,151,151,99.4,99.4,0,89.2,84009.7,1000.1,252
692,439,create,9,269,20,8,8,101.4,99.4,0,89.2,84009.7,1000.1,252
693,439,create,9,270,9,78,78,102.3,99.4,0,89.2,84009.7,1000.1,252
694,439,drop,-,269,20,8,8,100.3,99.4,0,88.8,84009.7,1000.1,252
695,439,drop,-,270,9,78,78,99.4,99.4,0,88.5,84009.7,1000.1,252
696,440,remove,6,194,13,65,0,98.1,98.1,0,88.5,83443.7,1005.3,251
697,441,remove,11,116,4,166,0,97.7,97.7,0,88.5,83331.5,1016.2,251
698,441,remove,4,244,4,20,0,97.3,97.3,0,88.5,83222.0,1027.4,251
699,441,create,9,271,8,344,344,98.1,97.3,0,88.5,83222.0,1027.4,251
700,441,create,9,272,5,59,59,98.6,97.3,0,88.5,83222.0,1027.4,251
701,441,deploy,6,271,8,344,344,98.6,98.1,0,88.6,83443.6,1017.6,251
702,441,deploy,6,272,5,59,59,98.6,98.6,0,88.6,83787.9,1009.5,252
703,442,remove,6,241,19,24,0,96.7,96.7,0,88.6,82723.6,1008.8,250
704,444,remove,1,212,9,49,0,95.8,95.8,0,88.6,82020.4,1012.6,248
705,444,create,5,273,4,33,33,96.2,95.8,0,88.6,82020.4,1012.6,248
706,444,create,10,274,19,637,637,98.1,95.8,0,88.6,82020.4,1012.6,248
707,444,create,5,275,9,382,382,99.0,95.8,0,88.6,82020.4,1012.6,248
708,444,deploy,4,273,4,33,33,99.0,96.2,0,88.6,82129.9,1001.6,248
709,444,create,5,276,10,23,23,100.0,96.2,0,88.6,82129.9,1001.6,248
710,444,deploy,6,274,19,637,637,100.0,98.1,0,88.7,83188.2,1002.3,250
711,444,create,5,277,9,143,143,100.9,98.1,0,88.7,83188.2,1002.3,250
712,444,deploy,1,275,9,382,382,100.9,99.0,0,88.7,83889.7,998.7,252
713,444,drop,-,276,10,23,23,99.9,99.0,0,88.4,83889.7,998.7,252
714,444,drop,-,277,9,143,143,99.0,99.0,0,88.1,83889.7,998.7,252
715,447,create,9,278,16,19,19,100.6,99.0,0,88.1,83889.7,998.7,252
716,447,create,9,279,4,5,5,101.0,99.0,0,88.1,83889.7,998.7,252
717,447,drop,-,278,16,19,19,99.4,99.0,0,87.8,83889.7,998.7,252
718,447,create,9,280,11,108,108,100.5,99.0,0,87.8,83889.7,998.7,252
719,447,deploy,11,279,4,5,5,100.5,99.4,0,87.8,84001.0,988.2,252
720,447,create,9,281,12,54,54,101.7,99.4,0,87.8,84001.0,988.2,252
721,447,drop,-,280,11,108,108,100.6,99.4,0,87.5,84001.0,988.2,252
722,447,drop,-,281,12,54,54,99.4,99.4,0,87.2,84001.0,988.2,252
723,449,remove,11,132,19,160,0,97.5,97.5,0,87.2,82815.2,985.9,249
724,449,create,10,282,9,420,420,98.4,97.5,0,87.2,82815.2,985.9,249
725,449,create,5,283,12,79,79,99.6,97.5,0,87.2,82815.2,985.9,249
726,449,create,9,284,13,110,110,100.9,97.5,0,87.2,82815.2,985.9,249
727,449,create,10,285,7,13,13,101.6,97.5,0,87.2,82815.2,985.9,249
728,449,create,9,286,14,58,58,103.0,97.5,0,87.2,82815.2,985.9,249
729,449,deploy,11,282,9,420,420,103.0,98.4,0,87.2,83270.9,979.7,250
730,449,deploy,11,283,12,79,79,103.0,99.6,0,87.3,84056.2,977.4,252
731,449,drop,-,284,13,110,110,101.7,99.6,0,87.0,84056.2,977.4,252
732,449,drop,-,285,7,13,13,101.0,99.6,0,86.7,84056.2,977.4,252
733,449,drop,-,286,14,58,58,99.6,99.6,0,86.4,84056.2,977.4,252
734,450,create,5,287,12,198,198,100.8,99.6,0,86.4,84056.2,977.4,252
735,450,drop,-,287,12,198,198,99.6,99.6,0,86.1,84056.2,977.4,252
736,452,remove,11,279,4,5,0,99.2,99.2,0,86.1,83944.9,987.6,252
737,452,create,5,288,4,252,252,99.6,99.2,0,86.1,83944.9,987.6,252
738,452,deploy,11,288,4,252,252,99.6,99.6,0,86.1,84056.2,977.4,252
739,453,remove,1,166,17,118,0,97.9,97.9,0,86.1,82882.6,975.1,249
740,454,remove,11,131,16,165,0,96.3,96.3,0,86.1,81778.6,973.6,246
741,454,remove,11,134,11,161,0,95.2,95.2,0,86.1,81061.29999999999,976.6,244
742,454,create,9,289,11,402,402,96.3,95.2,0,86.1,81061.29999999999,976.6,244
743,454,deploy,11,289,11,402,402,96.3,96.3,0,86.2,81820.6,974.1,246
744,455,remove,11,200,17,74,0,94.6,94.6,0,86.2,81349.4,980.1,246
745,455,remove,4,236,5,45,0,94.1,94.1,0,86.2,81166.9,989.8,246
746,455,create,7,290,13,7,7,95.4,94.1,0,86.2,81166.9,989.8,246
747,455,deploy,11,290,13,7,7,95.4,95.4,0,86.2,81528.6,982.3,246
748,456,create,7,291,11,467,467,96.5,95.4,0,86.2,81528.6,982.3,246
749,456,deploy,11,291,11,467,467,96.5,96.5,0,86.3,82040.4,976.7,247
750,458,remove,6,77,15,244,0,95.0,95.0,0,86.3,80965.1,975.5,244
751,458,create,5,292,10,227,227,96.0,95.0,0,86.3,80965.1,975.5,244
752,458,deploy,6,292,10,227,227,96.0,96.0,0,86.3,81697.6,972.6,246
753,460,remove,6,231,4,55,0,95.6,95.6,0,86.3,81586.3,983.0,246
754,461,create,9,293,12,31,31,96.8,95.6,0,86.3,81586.3,983.0,246
755,461,create,7,294,7,121,121,97.5,95.6,0,86.3,81586.3,983.0,246
756,461,create,5,295,4,32,32,97.9,95.6,0,86.3,81586.3,983.0,246
757,461,deploy,1,293,12,31,31,97.9,96.8,0,86.3,82369.9,980.6,248
758,461,deploy,6,294,7,121,121,97.9,97.5,0,86.4,82770.3,973.8,249
759,461,deploy,4,295,4,32,32,97.9,97.9,0,86.4,82881.70000000001,963.7,249
760,462,remove,4,259,6,30,0,97.3,97.3,0,86.4,82714.6,973.1,249
761,462,create,10,296,9,22,22,98.2,97.3,0,86.4,82714.6,973.1,249
762,462,remove,11,290,13,7,0,96.9,96.0,0,86.4,82352.9,980.4,249
763,462,deploy,11,296,9,22,22,96.9,96.9,0,86.5,82603.4,971.8,249
764,463,create,5,297,11,138,138,98.0,96.9,0,86.5,82603.4,971.8,249
765,463,create,5,298,9,49,49,98.9,96.9,0,86.5,82603.4,971.8,249
766,463,deploy,11,297,11,138,138,98.9,98.0,0,86.5,83320.4,968.8,251
767,463,drop,-,298,9,49,49,98.0,98.0,0,86.2,83320.4,968.8,251
768,465,create,10,299,4,118,118,98.4,98.0,0,86.2,83320.4,968.8,251
769,465,create,5,300,11,13,13,99.5,98.0,0,86.2,83320.4,968.8,251
770,465,deploy,1,299,4,118,118,99.5,98.4,0,86.3,83636.8,961.3,252
771,465,drop,-,300,11,13,13,98.4,98.4,0,86.0,83636.8,961.3,252
772,466,create,7,301,18,375,375,100.2,98.4,0,86.0,83636.8,961.3,252
773,466,drop,-,301,18,375,375,98.4,98.4,0,85.7,83636.8,961.3,252
774,468,create,9,302,16,20,20,100.0,98.4,0,85.7,83636.8,961.3,252
775,468,create,10,303,4,85,85,100.4,98.4,0,85.7,83636.8,961.3,252
776,468,create,7,304,7,15,15,101.1,98.4,0,85.7,83636.8,961.3,252
777,468,create,9,305,8,369,369,101.9,98.4,0,85.7,83636.8,961.3,252
778,468,create,7,306,17,25,25,103.6,98.4,0,85.7,83636.8,961.3,252
779,468,drop,-,302,16,20,20,102.0,98.4,0,85.4,83636.8,961.3,252
780,468,deploy,4,303,4,85,85,102.0,98.8,0,85.5,83748.2,951.7,252
781,468,drop,-,304,7,15,15,101.3,98.8,0,85.2,83748.2,951.7,252
782,468,drop,-,305,8,369,369,100.5,98.8,0,84.9,83748.2,951.7,252
783,468,drop,-,306,17,25,25,98.8,98.8,0,84.6,83748.2,951.7,252
784,469,remove,11,92,9,229,0,97.9,97.9,0,84.6,83248.79999999999,956.9,251
785,470,create,5,307,11,126,126,99.0,97.9,0,84.6,83248.79999999999,956.9,251
786,470,create,7,308,6,189,189,99.6,97.9,0,84.6,83248.79999999999,956.9,251
787,470,create,5,309,19,382,382,101.5,97.9,0,84.6,83248.79999999999,956.9,251
788,470,deploy,11,307,11,126,126,101.5,99.0,0,84.7,83803.9,952.3,252
789,470,drop,-,308,6,189,189,100.9,99.0,0,84.4,83803.9,952.3,252
790,470,drop,-,309,19,382,382,99.0,99.0,0,84.1,83803.9,952.3,252
791,471,create,10,310,5,69,69,99.5,99.0,0,84.1,83803.9,952.3,252
792,471,drop,-,310,5,69,69,99.0,99.0,0,83.9,83803.9,952.3,252
793,472,create,9,311,7,75,75,99.7,99.0,0,83.9,83803.9,952.3,252
794,472,create,5,312,20,67,67,101.7,99.0,0,83.9,83803.9,952.3,252
795,472,create,10,313,19,317,317,103.6,99.0,0,83.9,83803.9,952.3,252
796,472,create,9,314,14,22,22,105.0,99.0,0,83.9,83803.9,952.3,252
797,472,create,5,315,19,9,9,106.8,99.0,0,83.9,83803.9,952.3,252
798,472,drop,-,311,7,75,75,106.2,99.0,0,83.6,83803.9,952.3,252
799,472,create,5,316,11,81,81,107.2,99.0,0,83.6,83803.9,952.3,252
800,472,drop,-,312,20,67,67,105.3,99.0,0,83.3,83803.9,952.3,252
801,472,create,5,317,15,22,22,106.7,99.0,0,83.3,83803.9,952.3,252
802,472,drop,-,313,19,317,317,104.9,99.0,0,83.1,83803.9,952.3,252
803,472,create,5,318,10,24,24,105.9,99.0,0,83.1,83803.9,952.3,252
804,472,drop,-,314,14,22,22,104.5,99.0,0,82.8,83803.9,952.3,252
805,472,drop,-,315,19,9,9,102.6,99.0,0,82.5,83803.9,952.3,252
806,472,drop,-,316,11,81,81,101.5,99.0,0,82.3,83803.9,952.3,252
807,472,drop,-,317,15,22,22,100.0,99.0,0,82.0,83803.9,952.3,252
808,472,drop,-,318,10,24,24,99.0,99.0,0,81.8,83803.9,952.3,252
809,474,create,5,319,8,58,58,99.8,99.0,0,81.8,83803.9,952.3,252
810,474,drop,-,319,8,58,58,99.0,99.0,0,81.5,83803.9,952.3,252
811,475,create,7,320,14,106,106,100.4,99.0,0,81.5,83803.9,952.3,252
812,475,create,5,321,7,59,59,101.1,99.0,0,81.5,83803.9,952.3,252
813,475,create,7,322,10,237,237,102.1,99.0,0,81.5,83803.9,952.3,252
814,475,drop,-,320,14,106,106,100.7,99.0,0,81.2,83803.9,952.3,252
815,475,drop,-,321,7,59,59,100.0,99.0,0,81.0,83803.9,952.3,252
816,475,drop,-,322,10,237,237,99.0,99.0,0,80.7,83803.9,952.3,252
817,477,remove,4,273,4,33,0,98.6,98.6,0,80.7,83694.4,962.0,252
818,477,create,9,323,9,154,154,99.5,98.6,0,80.7,83694.4,962.0,252
819,477,drop,-,323,9,154,154,98.6,98.6,0,80.5,83694.4,962.0,252
820,479,remove,11,148,17,162,0,96.9,96.9,0,80.5,82520.6,959.5,249
821,479,create,7,324,6,23,23,97.5,96.9,0,80.5,82520.6,959.5,249
822,479,deploy,4,324,6,23,23,97.5,97.5,0,80.6,82686.20000000001,950.4,249
823,481,remove,4,53,6,298,0,96.9,96.9,0,80.6,82519.20000000001,959.5,249
824,481,create,10,325,6,200,200,97.5,96.9,0,80.6,82519.20000000001,959.5,249
825,481,create,7,326,6,43,43,98.1,96.9,0,80.6,82519.20000000001,959.5,249
826,481,deploy,11,325,6,200,200,98.1,97.5,0,80.6,82975.70000000001,953.7,250
827,481,deploy,4,326,6,43,43,98.1,98.1,0,80.7,83142.70000000001,944.8,250
828,482,remove,4,45,16,318,0,96.5,96.5,0,80.7,82491.0,948.2,249
829,482,remove,11,203,20,98,0,94.5,94.5,0,80.7,81320.4,945.6,246
830,483,create,5,327,20,145,145,96.5,94.5,0,80.7,81320.4,945.6,246
831,483,create,7,328,6,32,32,97.1,94.5,0,80.7,81320.4,945.6,246
832,483,create,7,329,5,23,23,97.6,94.5,0,80.7,81320.4,945.6,246
833,483,deploy,11,327,20,145,145,97.6,96.5,0,80.7,82491.9,948.2,249
834,483,create,7,330,9,61,61,98.5,96.5,0,80.7,82491.9,948.2,249
835,483,deploy,4,328,6,32,32,98.5,97.1,0,80.8,82659.3,939.3,249
836,483,deploy,4,329,5,23,23,98.5,97.6,0,80.9,82798.8,930.3,249
837,483,deploy,11,330,9,61,61,98.5,98.5,0,80.9,83460.5,927.3,251
838,484,remove,11,296,9,22,0,97.6,97.6,0,80.9,83210.0,934.9,251
839,484,create,9,331,8,88,88,98.4,97.6,0,80.9,83210.0,934.9,251
840,484,create,10,332,11,124,124,99.5,97.6,0,80.9,83210.0,934.9,251
841,484,create,9,333,7,3,3,100.2,97.6,0,80.9,83210.0,934.9,251
842,484,deploy,11,331,8,88,88,100.2,98.4,0,81.0,83432.70000000001,927.0,251
843,484,drop,-,332,11,124,124,99.1,98.4,0,80.7,83432.70000000001,927.0,251
844,484,drop,-,333,7,3,3,98.4,98.4,0,80.5,83432.70000000001,927.0,251
845,485,create,5,334,5,164,164,98.9,98.4,0,80.5,83432.70000000001,927.0,251
846,485,deploy,4,334,5,164,164,98.9,98.9,0,80.5,83777.1,920.6,252
847,486,remove,4,255,6,60,0,98.3,98.3,0,80.5,83609.9,929.0,252
848,486,create,7,335,5,21,21,98.8,98.3,0,80.5,83609.9,929.0,252
849,486,create,5,336,14,24,24,100.2,98.3,0,80.5,83609.9,929.0,252
850,486,create,5,337,10,78,78,101.2,98.3,0,80.5,83609.9,929.0,252
851,486,deploy,4,335,5,21,21,101.2,98.8,0,80.6,83749.1,920.3,252
852,486,drop,-,336,14,24,24,99.8,98.8,0,80.4,83749.1,920.3,252
853,486,drop,-,337,10,78,78,98.8,98.8,0,80.1,83749.1,920.3,252
854,487,create,7,338,20,280,280,100.8,98.8,0,80.1,83749.1,920.3,252
855,487,create,5,339,11,59,59,101.9,98.8,0,80.1,83749.1,920.3,252
856,487,drop,-,338,20,280,280,99.9,98.8,0,79.9,83749.1,920.3,252
857,487,drop,-,339,11,59,59,98.8,98.8,0,79.6,83749.1,920.3,252
858,488,create,10,340,13,170,170,100.1,98.8,0,79.6,83749.1,920.3,252
859,488,create,9,341,4,49,49,100.5,98.8,0,79.6,83749.1,920.3,252
860,488,drop,-,340,13,170,170,99.2,98.8,0,79.4,83749.1,920.3,252
861,488,deploy,6,341,4,49,49,99.2,99.2,0,79.5,83860.40000000001,911.5,252
862,489,remove,4,219,6,89,0,98.6,98.6,0,79.5,83692.7,919.7,252
863,490,create,5,342,11,18,18,99.7,98.6,0,79.5,83692.7,919.7,252
864,490,drop,-,342,11,18,18,98.6,98.6,0,79.2,83692.7,919.7,252
865,491,create,9,343,19,86,86,100.5,98.6,0,79.2,83692.7,919.7,252
866,491,drop,-,343,19,86,86,98.6,98.6,0,79.0,83692.7,919.7,252
867,492,remove,11,12,14,424,0,97.2,97.2,0,79.0,82686.5,918.7,249
868,492,remove,4,245,6,70,0,96.6,96.6,0,79.0,82519.0,927.2,249
869,492,remove,1,293,12,31,0,95.4,95.4,0,79.0,81735.4,928.8,247
870,492,create,5,344,10,422,422,96.4,95.4,0,79.0,81735.4,928.8,247
871,492,deploy,4,344,10,422,422,96.4,96.4,0,79.1,82014.0,921.5,247
872,493,remove,11,117,11,214,0,95.3,95.3,0,79.1,81501.70000000001,926.2,246
873,493,remove,4,295,4,32,0,94.9,94.9,0,79.1,81390.3,935.5,246
874,493,create,10,345,18,53,53,96.7,94.9,0,79.1,81390.3,935.5,246
875,493,deploy,11,345,18,53,53,96.7,96.7,0,79.1,82302.4,935.3,248
876,494,create,9,346,15,177,177,98.2,96.7,0,79.1,82302.4,935.3,248
877,494,create,9,347,10,302,302,99.2,96.7,0,79.1,82302.4,935.3,248
878,494,drop,-,346,15,177,177,97.7,96.7,0,78.9,82302.4,935.3,248
879,494,create,9,348,13,46,46,99.0,96.7,0,78.9,82302.4,935.3,248
880,494,deploy,11,347,10,302,302,99.0,97.7,0,79.0,82991.8,932.5,250
881,494,deploy,1,348,13,46,46,99.0,99.0,0,79.0,83848.5,931.6,252
882,495,create,10,349,20,23,23,101.0,99.0,0,79.0,83848.5,931.6,252
883,495,create,10,350,4,84,84,101.4,99.0,0,79.0,83848.5,931.6,252
884,495,drop,-,349,20,23,23,99.4,99.0,0,78.8,83848.5,931.6,252
885,495,create,10,351,4,43,43,99.8,99.0,0,78.8,83848.5,931.6,252
886,495,deploy,4,350,4,84,84,99.8,99.4,0,78.9,84002.8,923.1,252
887,495,deploy,4,351,4,43,43,99.8,99.8,0,78.9,84114.20000000001,914.3,252
888,496,remove,6,179,12,141,0,98.6,98.6,0,78.9,83490.5,917.5,251
889,496,remove,11,183,20,137,0,96.6,96.6,0,78.9,82276.2,914.2,248
890,497,create,9,352,6,195,195,97.2,96.6,0,78.9,82276.2,914.2,248
891,497,deploy,6,352,6,195,195,97.2,97.2,0,79.0,82485.8,906.4,248
892,498,remove,11,50,13,318,0,95.9,95.9,0,79.0,81464.5,905.2,245
893,498,create,9,353,15,143,143,97.4,95.9,0,79.0,81464.5,905.2,245
894,498,deploy,11,353,15,143,143,97.4,97.4,0,79.0,82540.6,907.0,248
895,500,remove,11,160,19,170,0,95.5,95.5,0,79.0,81101.5,901.1,244
896,500,remove,11,202,6,116,0,94.9,94.9,0,79.0,80934.5,909.4,244
897,500,remove,6,272,5,59,0,94.4,94.4,0,79.0,80590.3,915.8,243
898,501,create,5,354,12,119,119,95.6,94.4,0,79.0,80590.3,915.8,243
899,501,deploy,11,354,12,119,119,95.6,95.6,0,79.1,80923.3,909.3,243
900,502,remove,11,216,12,104,0,94.4,94.4,0,79.1,79973.70000000001,908.8,240
901,502,remove,4,254,9,76,0,93.6,93.6,0,79.1,79477.79999999999,913.5,239
902,502,remove,4,324,6,23,0,93.0,93.0,0,79.1,79312.20000000001,922.2,239
903,502,create,7,355,11,58,58,94.0,93.0,0,79.1,79312.20000000001,922.2,239
904,502,create,10,356,4,178,178,94.4,93.0,0,79.1,79312.20000000001,922.2,239
905,502,create,5,357,19,31,31,96.3,93.0,0,79.1,79312.20000000001,922.2,239
906,502,create,10,358,12,2,2,97.5,93.0,0,79.1,79312.20000000001,922.2,239
907,502,deploy,6,355,11,58,58,97.5,94.0,0,79.2,80072.29999999999,920.4,241
908,502,deploy,11,356,4,178,178,97.5,94.4,0,79.2,80388.7,913.5,242
909,502,deploy,11,357,19,31,31,97.5,96.3,0,79.3,81825.5,919.4,246
910,502,deploy,11,358,12,2,2,97.5,97.5,0,79.3,82817.7,920.2,249
911,503,create,7,359,17,176,176,99.2,97.5,0,79.3,82817.7,920.2,249
912,503,drop,-,359,17,176,176,97.5,97.5,0,79.1,82817.7,920.2,249
913,504,remove,4,261,5,70,0,97.0,97.0,0,79.1,82636.0,928.5,249
914,504,remove,11,358,12,2,0,95.8,95.8,0,79.1,81643.8,927.8,246
915,505,remove,4,163,4,174,0,95.4,95.4,0,79.1,81327.4,934.8,245
916,505,create,9,360,14,57,57,96.8,95.4,0,79.1,81327.4,934.8,245
917,505,create,9,361,10,1,1,97.8,95.4,0,79.1,81327.4,934.8,245
918,505,deploy,4,360,14,57,57,97.8,96.8,0,79.2,82005.0,931.9,246
919,505,deploy,4,361,10,1,1,97.8,97.8,0,79.2,82487.1,926.8,247
920,506,remove,4,329,5,23,0,97.3,97.3,0,79.2,82347.9,935.8,247
921,506,create,5,362,14,240,240,98.7,97.3,0,79.2,82347.9,935.8,247
922,506,create,9,363,16,39,39,100.3,97.3,0,79.2,82347.9,935.8,247
923,506,remove,4,361,10,1,0,99.3,96.3,0,79.2,81865.8,941.0,246
924,506,deploy,4,362,14,240,240,99.3,97.7,0,79.3,82460.1,937.0,247
925,506,deploy,11,363,16,39,39,99.3,99.3,0,79.3,83769.20000000001,941.2,251
926,507,remove,4,335,5,21,0,98.8,98.8,0,79.3,83630.0,950.3,251
927,507,create,5,364,12,181,181,100.0,98.8,0,79.3,83630.0,950.3,251
928,507,drop,-,364,12,181,181,98.8,98.8,0,79.1,83630.0,950.3,251
929,509,remove,4,54,11,325,0,97.7,97.7,0,79.1,83117.5,955.4,250
930,509,create,5,365,10,204,204,98.7,97.7,0,79.1,83117.5,955.4,250
931,509,deploy,4,365,10,204,204,98.7,98.7,0,79.2,83394.4,947.7,250
932,510,remove,11,144,16,202,0,97.1,97.1,0,79.2,82128.7,944.0,246
933,510,remove,11,211,12,115,0,95.9,95.9,0,79.2,81383.6,946.3,244
934,511,create,10,366,14,17,17,97.3,95.9,0,79.2,81383.6,946.3,244
935,511,deploy,11,366,14,17,17,97.3,97.3,0,79.2,82387.2,947.0,247
936,512,create,9,367,11,27,27,98.4,97.3,0,79.2,82387.2,947.0,247
937,512,create,10,368,13,56,56,99.7,97.3,0,79.2,82387.2,947.0,247
938,512,deploy,11,367,11,27,27,99.7,98.4,0,79.3,83309.6,946.7,250
939,512,drop,-,368,13,56,56,98.4,98.4,0,79.1,83309.6,946.7,250
940,514,remove,6,123,7,234,0,97.7,97.7,0,79.1,82866.7,952.5,249
941,514,create,5,369,8,25,25,98.5,97.7,0,79.1,82866.7,952.5,249
942,514,create,9,370,7,40,40,99.2,97.7,0,79.1,82866.7,952.5,249
943,514,deploy,11,369,8,25,25,99.2,98.5,0,79.1,83295.29999999999,946.5,250
944,514,deploy,4,370,7,40,40,99.2,99.2,0,79.2,83694.4,940.4,251
945,515,remove,4,328,6,32,0,98.6,98.6,0,79.2,83529.2,949.2,251
946,515,create,5,371,10,1,1,99.6,98.6,0,79.2,83529.2,949.2,251
947,515,drop,-,371,10,1,1,98.6,98.6,0,79.0,83529.2,949.2,251
948,516,remove,4,198,6,137,0,98.0,98.0,0,79.0,83157.09999999999,955.8,250
949,516,create,9,372,8,81,81,98.8,98.0,0,79.0,83157.09999999999,955.8,250
950,516,deploy,4,372,8,81,81,98.8,98.8,0,79.0,83379.79999999999,947.5,250
951,517,create,10,373,14,64,64,100.2,98.8,0,79.0,83379.79999999999,947.5,250
952,517,drop,-,373,14,64,64,98.8,98.8,0,78.8,83379.79999999999,947.5,250
953,518,create,7,374,19,113,113,100.7,98.8,0,78.8,83379.79999999999,947.5,250
954,518,drop,-,374,19,113,113,98.8,98.8,0,78.6,83379.79999999999,947.5,250
955,520,create,5,375,18,62,62,100.6,98.8,0,78.6,83379.79999999999,947.5,250
956,520,create,10,376,18,168,168,102.4,98.8,0,78.6,83379.79999999999,947.5,250
957,520,create,7,377,5,270,270,102.9,98.8,0,78.6,83379.79999999999,947.5,250
958,520,create,10,378,19,89,89,104.8,98.8,0,78.6,83379.79999999999,947.5,250
959,520,drop,-,375,18,62,62,103.0,98.8,0,78.4,83379.79999999999,947.5,250
960,520,drop,-,376,18,168,168,101.2,98.8,0,78.2,83379.79999999999,947.5,250
961,520,deploy,6,377,5,270,270,101.2,99.3,0,78.2,83767.0,941.2,251
962,520,drop,-,378,19,89,89,99.3,99.3,0,78.0,83767.0,941.2,251
963,521,remove,6,256,12,94,0,98.1,98.1,0,78.0,82978.6,942.9,249
964,521,create,9,379,18,210,210,99.9,98.1,0,78.0,82978.6,942.9,249
965,521,drop,-,379,18,210,210,98.1,98.1,0,77.8,82978.6,942.9,249
966,522,remove,4,26,9,411,0,97.2,97.2,0,77.8,82479.6,948.0,248
967,522,create,5,380,18,300,300,99.0,97.2,0,77.8,82479.6,948.0,248
968,522,drop,-,380,18,300,300,97.2,97.2,0,77.6,82479.6,948.0,248
969,523,create,7,381,9,66,66,98.1,97.2,0,77.6,82479.6,948.0,248
970,523,create,5,382,7,13,13,98.8,97.2,0,77.6,82479.6,948.0,248
971,523,deploy,6,381,9,66,66,98.8,98.1,0,77.7,83141.1,944.8,250
972,523,deploy,4,382,7,13,13,98.8,98.8,0,77.7,83584.5,939.2,251
973,524,remove,11,181,17,166,0,97.1,97.1,0,77.7,82453.9,937.0,248
974,524,remove,4,326,6,43,0,96.5,96.5,0,77.7,82286.0,945.8,248
975,524,create,9,383,18,11,11,98.3,96.5,0,77.7,82286.0,945.8,248
976,524,create,7,384,18,108,108,100.1,96.5,0,77.7,82286.0,945.8,248
977,524,create,5,385,4,337,337,100.5,96.5,0,77.7,82286.0,945.8,248
978,524,create,9,386,11,117,117,101.6,96.5,0,77.7,82286.0,945.8,248
979,524,create,7,387,7,192,192,102.3,96.5,0,77.7,82286.0,945.8,248
980,524,create,5,388,15,31,31,103.8,96.5,0,77.7,82286.0,945.8,248
981,524,drop,-,383,18,11,11,102.0,96.5,0,77.5,82286.0,945.8,248
982,524,drop,-,384,18,108,108,100.2,96.5,0,77.3,82286.0,945.8,248
983,524,deploy,4,385,4,337,337,100.2,96.9,0,77.4,82397.29999999999,936.3,248
984,524,deploy,11,386,11,117,117,100.2,98.0,0,77.5,83112.9,933.9,250
985,524,deploy,4,387,7,192,192,100.2,98.7,0,77.5,83512.8,927.9,251
986,524,drop,-,388,15,31,31,98.7,98.7,0,77.3,83512.8,927.9,251
987,525,create,10,389,13,133,133,100.0,98.7,0,77.3,83512.8,927.9,251
988,525,create,10,390,8,42,42,100.8,98.7,0,77.3,83512.8,927.9,251
989,525,drop,-,389,13,133,133,99.5,98.7,0,77.1,83512.8,927.9,251
990,525,drop,-,390,8,42,42,98.7,98.7,0,76.9,83512.8,927.9,251
991,526,create,9,391,11,96,96,99.8,98.7,0,76.9,83512.8,927.9,251
992,526,drop,-,391,11,96,96,98.7,98.7,0,76.7,83512.8,927.9,251
993,527,create,7,392,10,39,39,99.7,98.7,0,76.7,83512.8,927.9,251
994,527,drop,-,392,10,39,39,98.7,98.7,0,76.5,83512.8,927.9,251
995,528,remove,11,283,12,79,0,97.5,97.5,0,76.5,82727.40000000001,929.5,249
996,528,remove,11,366,14,17,0,96.1,96.1,0,76.5,81928.90000000001,931.0,247
997,528,create,5,393,10,105,105,97.1,96.1,0,76.5,81928.90000000001,931.0,247
998,528,create,10,394,15,107,107,98.6,96.1,0,76.5,81928.90000000001,931.0,247
999,528,create,9,395,15,170,170,100.1,96.1,0,76.5,81928.90000000001,931.0,247
1000,528,deploy,11,393,10,105,105,100.1,97.1,0,76.6,82411.0,926.0,248
1001,528,deploy,11,394,15,107,107,100.1,98.6,0,76.6,83528.70000000001,928.1,251
1002,528,drop,-,395,15,170,170,98.6,98.6,0,76.5,83528.70000000001,928.1,251
1003,529,create,10,396,14,19,19,100.0,98.6,0,76.5,83528.70000000001,928.1,251
1004,529,drop,-,396,14,19,19,98.6,98.6,0,76.3,83528.70000000001,928.1,251
1005,531,remove,4,195,19,156,0,96.7,96.7,0,76.3,82592.4,928.0,249
1006,531,create,5,397,11,36,36,97.8,96.7,0,76.3,82592.4,928.0,249
1007,531,deploy,4,397,11,36,36,97.8,97.8,0,76.3,83103.6,923.4,250
1008,533,remove,4,95,16,288,0,96.2,96.2,0,76.3,82003.70000000001,921.4,247
1009,533,remove,11,357,19,31,0,94.3,94.3,0,76.3,80816.20000000001,918.4,244
1010,534,create,7,398,10,105,105,95.3,94.3,0,76.3,80816.20000000001,918.4,244
1011,534,create,9,399,15,21,21,96.8,94.3,0,76.3,80816.20000000001,918.4,244
1012,534,create,7,400,7,243,243,97.5,94.3,0,76.3,80816.20000000001,918.4,244
1013,534,create,9,401,10,138,138,98.5,94.3,0,76.3,80816.20000000001,918.4,244
1014,534,deploy,4,398,10,105,105,98.5,95.3,0,76.4,81549.1,916.3,246
1015,534,create,7,402,8,13,13,99.3,95.3,0,76.4,81549.1,916.3,246
1016,534,deploy,4,399,15,21,21,99.3,96.8,0,76.4,82378.5,915.3,248
1017,534,deploy,11,400,7,243,243,99.3,97.5,0,76.5,82779.4,909.7,249
1018,534,deploy,11,401,10,138,138,99.3,98.5,0,76.6,83510.9,907.7,251
1019,534,deploy,11,402,8,13,13,99.3,99.3,0,76.6,83939.5,902.6,252
1020,535,create,5,403,5,205,205,99.8,99.3,0,76.6,83939.5,902.6,252
1021,535,create,7,404,20,187,187,101.8,99.3,0,76.6,83939.5,902.6,252
1022,535,deploy,6,403,5,205,205,101.8,99.8,0,76.7,84122.1,894.9,252
1023,535,drop,-,404,20,187,187,99.8,99.8,0,76.5,84122.1,894.9,252
1024,536,remove,4,382,7,13,0,99.1,99.1,0,76.5,83884.29999999999,902.0,252
1025,537,remove,6,341,4,49,0,98.7,98.7,0,76.5,83773.0,910.6,252
1026,537,create,5,405,15,52,52,100.2,98.7,0,76.5,83773.0,910.6,252
1027,537,drop,-,405,15,52,52,98.7,98.7,0,76.3,83773.0,910.6,252
1028,538,remove,4,351,4,43,0,98.3,98.3,0,76.3,83661.6,919.4,252
1029,538,create,9,406,12,242,242,99.5,98.3,0,76.3,83661.6,919.4,252
1030,538,create,7,407,17,51,51,101.2,98.3,0,76.3,83661.6,919.4,252
1031,538,drop,-,406,12,242,242,100.0,98.3,0,76.1,83661.6,919.4,252
1032,538,drop,-,407,17,51,51,98.3,98.3,0,75.9,83661.6,919.4,252
1033,539,remove,11,367,11,27,0,97.2,97.2,0,75.9,82944.4,921.6,250
1034,539,remove,11,369,8,25,0,96.4,96.4,0,75.9,82310.7,924.8,248
1035,539,create,9,408,16,25,25,98.0,96.4,0,75.9,82310.7,924.8,248
1036,539,deploy,11,408,16,25,25,98.0,98.0,0,76.0,83577.7,928.6,252
1037,540,remove,1,348,13,46,0,96.7,96.7,0,76.0,82721.0,929.4,250
1038,540,create,7,409,18,88,88,98.5,96.7,0,76.0,82721.0,929.4,250
1039,540,create,7,410,17,13,13,100.2,96.7,0,76.0,82721.0,929.4,250
1040,540,drop,-,409,18,88,88,98.4,96.7,0,75.8,82721.0,929.4,250
1041,540,create,7,411,11,13,13,99.5,96.7,0,75.8,82721.0,929.4,250
1042,540,drop,-,410,17,13,13,97.8,96.7,0,75.6,82721.0,929.4,250
1043,540,deploy,4,411,11,13,13,97.8,97.8,0,75.7,83070.7,923.0,250
1044,542,remove,11,165,13,208,0,96.5,96.5,0,75.7,82094.0,922.4,247
1045,543,remove,6,109,16,277,0,94.9,94.9,0,75.7,81241.2,923.2,245
1046,543,create,10,412,17,285,285,96.6,94.9,0,75.7,81241.2,923.2,245
1047,543,create,9,413,7,5,5,97.3,94.9,0,75.7,81241.2,923.2,245
1048,543,deploy,11,412,17,285,285,97.3,96.6,0,75.7,82329.2,925.0,248
1049,543,deploy,6,413,7,5,5,97.3,97.3,0,75.8,82524.4,916.9,248
1050,544,remove,11,330,9,61,0,96.4,96.4,0,75.8,81863.2,919.8,246
1051,545,remove,11,363,16,39,0,94.8,94.8,0,75.8,80759.29999999999,917.7,243
1052,545,create,9,414,7,154,154,95.5,94.8,0,75.8,80759.29999999999,917.7,243
1053,545,deploy,6,414,7,154,154,95.5,95.5,0,75.8,81157.6,911.9,244
1054,546,remove,4,199,15,166,0,94.0,94.0,0,75.8,80326.9,912.8,242
1055,546,remove,11,345,18,53,0,92.3,92.3,0,75.8,79619.8,915.2,241
1056,546,create,10,415,9,5,5,93.2,92.3,0,75.8,79619.8,915.2,241
1057,546,deploy,11,415,9,5,5,93.2,93.2,0,75.9,79870.8,907.6,241
1058,547,remove,11,220,11,146,0,92.1,92.1,0,75.9,79109.8,909.3,239
1059,547,remove,11,402,8,13,0,91.3,91.3,0,75.9,78637.8,914.4,238
1060,547,create,5,416,15,254,254,92.8,91.3,0,75.9,78637.8,914.4,238
1061,547,create,7,417,7,14,14,93.5,91.3,0,75.9,78637.8,914.4,238
1062,547,create,9,418,18,197,197,95.2,91.3,0,75.9,78637.8,914.4,238
1063,547,deploy,4,416,15,254,254,95.2,92.8,0,76.0,79468.5,913.4,240
1064,547,deploy,11,417,7,14,14,95.2,93.5,0,76.0,80117.4,910.4,242
1065,547,deploy,11,418,18,197,197,95.2,95.2,0,76.1,81277.79999999999,913.2,245
1066,548,remove,6,413,7,5,0,94.5,94.5,0,76.1,81082.5,921.4,245
1067,548,create,10,419,4,143,143,94.9,94.5,0,76.1,81082.5,921.4,245
1068,548,deploy,11,419,4,143,143,94.9,94.9,0,76.1,81193.79999999999,912.3,245
1069,549,create,7,420,7,38,38,95.6,94.9,0,76.1,81193.79999999999,912.3,245
1070,549,create,9,421,6,139,139,96.2,94.9,0,76.1,81193.79999999999,912.3,245
1071,549,create,7,422,4,160,160,96.6,94.9,0,76.1,81193.79999999999,912.3,245
1072,549,deploy,6,420,7,38,38,96.6,95.6,0,76.2,81389.1,904.3,245
1073,549,create,7,423,4,312,312,97.0,95.6,0,76.2,81389.1,904.3,245
1074,549,deploy,6,421,6,139,139,97.0,96.2,0,76.2,81761.1,898.5,246
1075,549,deploy,11,422,4,160,160,97.0,96.6,0,76.3,82077.5,892.1,247
1076,549,deploy,11,423,4,312,312,97.0,97.0,0,76.4,82393.9,886.0,248
1077,550,create,10,424,11,134,134,98.1,97.0,0,76.4,82393.9,886.0,248
1078,550,create,7,425,11,25,25,99.2,97.0,0,76.4,82393.9,886.0,248
1079,550,deploy,11,424,11,134,134,99.2,98.1,0,76.4,83155.9,884.6,250
1080,550,deploy,1,425,11,25,25,99.2,99.2,0,76.5,83956.5,883.8,252
1081,551,remove,11,415,9,5,0,98.3,98.3,0,76.5,83705.5,890.5,252
1082,551,create,7,426,18,54,54,100.1,98.3,0,76.5,83705.5,890.5,252
1083,551,create,7,427,16,238,238,101.7,98.3,0,76.5,83705.5,890.5,252
1084,551,drop,-,426,18,54,54,99.9,98.3,0,76.3,83705.5,890.5,252
1085,551,create,7,428,11,365,365,101.0,98.3,0,76.3,83705.5,890.5,252
1086,551,drop,-,427,16,238,238,99.4,98.3,0,76.1,83705.5,890.5,252
1087,551,deploy,11,428,11,365,365,99.4,99.4,0,76.2,84012.6,884.3,252
1088,552,remove,11,239,20,139,0,97.4,97.4,0,76.2,82799.6,880.8,249
1089,552,create,5,429,7,53,53,98.1,97.4,0,76.2,82799.6,880.8,249
1090,552,create,9,430,17,77,77,99.8,97.4,0,76.2,82799.6,880.8,249
1091,552,create,7,431,10,69,69,100.8,97.4,0,76.2,82799.6,880.8,249
1092,552,deploy,11,429,7,53,53,100.8,98.1,0,76.2,83200.0,875.8,250
1093,552,drop,-,430,17,77,77,99.1,98.1,0,76.0,83200.0,875.8,250
1094,552,deploy,11,431,10,69,69,99.1,99.1,0,76.1,83933.20000000001,874.3,252
1095,553,remove,4,175,15,201,0,97.6,97.6,0,76.1,83064.4,874.4,250
1096,553,remove,4,303,4,85,0,97.2,97.2,0,76.1,82953.0,882.5,250
1097,553,remove,4,411,11,13,0,96.1,96.1,0,76.1,82398.3,886.0,249
1098,553,create,5,432,8,111,111,96.9,96.1,0,76.1,82398.3,886.0,249
1099,553,deploy,4,432,8,111,111,96.9,96.9,0,76.2,82663.9,879.4,249
1100,554,remove,4,370,7,40,0,96.2,96.2,0,76.2,82058.1,882.3,247
1101,554,create,5,433,14,9,9,97.6,96.2,0,76.2,82058.1,882.3,247
1102,554,deploy,4,433,14,9,9,97.6,97.6,0,76.2,82900.8,881.9,249
1103,555,remove,4,399,15,21,0,96.1,96.1,0,76.2,81868.1,880.3,246
1104,555,create,10,434,7,35,35,96.8,96.1,0,76.2,81868.1,880.3,246
1105,555,create,10,435,5,495,495,97.3,96.1,0,76.2,81868.1,880.3,246
1106,555,deploy,4,434,7,35,35,97.3,96.8,0,76.3,82268.5,875.2,247
1107,555,create,10,436,9,64,64,98.2,96.8,0,76.3,82268.5,875.2,247
1108,555,deploy,11,435,5,495,495,98.2,97.3,0,76.3,82407.7,867.4,247
1109,555,deploy,4,436,9,64,64,98.2,98.2,0,76.4,83067.9,865.3,249
1110,559,remove,1,159,13,230,0,96.9,96.9,0,76.4,81920.5,862.3,246
1111,559,create,7,437,8,30,30,97.7,96.9,0,76.4,81920.5,862.3,246
1112,559,create,10,438,19,114,114,99.6,96.9,0,76.4,81920.5,862.3,246
1113,559,deploy,4,437,8,30,30,99.6,97.7,0,76.4,82554.29999999999,859.9,248
1114,559,drop,-,438,19,114,114,97.7,97.7,0,76.3,82554.29999999999,859.9,248
1115,560,remove,6,355,11,58,0,96.6,96.6,0,76.3,81794.6,861.0,246
1116,561,remove,11,40,14,407,0,95.2,95.2,0,76.3,80950.0,861.2,244
1117,561,remove,11,417,7,14,0,94.5,94.5,0,76.3,80549.6,866.1,243
1118,561,create,5,439,20,63,63,96.5,94.5,0,76.3,80549.6,866.1,243
1119,561,create,7,440,11,25,25,97.6,94.5,0,76.3,80549.6,866.1,243
1120,561,create,7,441,11,135,135,98.7,94.5,0,76.3,80549.6,866.1,243
1121,561,deploy,11,439,20,63,63,98.7,96.5,0,76.3,81764.9,869.8,246
1122,561,deploy,6,440,11,25,25,98.7,97.6,0,76.4,82525.0,868.7,248
1123,561,deploy,1,441,11,135,135,98.7,98.7,0,76.4,83411.6,868.9,250
1124,562,remove,4,360,14,57,0,97.3,97.3,0,76.4,83024.20000000001,873.9,250
1125,562,create,5,442,10,70,70,98.3,97.3,0,76.4,83024.20000000001,873.9,250
1126,562,deploy,4,442,10,70,70,98.3,98.3,0,76.5,83299.79999999999,867.7,250
1127,563,remove,4,433,14,9,0,96.9,96.9,0,76.5,82457.4,868.0,248
1128,563,create,10,443,14,62,62,98.3,96.9,0,76.5,82457.4,868.0,248
1129,563,create,5,444,9,90,90,99.2,96.9,0,76.5,82457.4,868.0,248
1130,563,create,5,445,6,65,65,99.8,96.9,0,76.5,82457.4,868.0,248
1131,563,deploy,4,443,14,62,62,99.8,98.3,0,76.5,83298.0,867.7,250
1132,563,deploy,4,444,9,90,90,99.8,99.2,0,76.6,83754.5,863.4,251
1133,563,drop,-,445,6,65,65,99.2,99.2,0,76.4,83754.5,863.4,251
1134,564,remove,11,408,16,25,0,97.6,97.6,0,76.4,82695.3,861.4,248
1135,564,create,9,446,16,116,116,99.2,97.6,0,76.4,82695.3,861.4,248
1136,564,create,5,447,12,83,83,100.4,97.6,0,76.4,82695.3,861.4,248
1137,564,deploy,11,446,16,116,116,100.4,99.2,0,76.5,83754.5,863.4,251
1138,564,drop,-,447,12,83,83,99.2,99.2,0,76.3,83754.5,863.4,251
1139,565,create,7,448,15,162,162,100.7,99.2,0,76.3,83754.5,863.4,251
1140,565,create,9,449,7,246,246,101.4,99.2,0,76.3,83754.5,863.4,251
1141,565,drop,-,448,15,162,162,99.9,99.2,0,76.1,83754.5,863.4,251
1142,565,drop,-,449,7,246,246,99.2,99.2,0,75.9,83754.5,863.4,251
1143,567,remove,4,397,11,36,0,98.1,98.1,0,75.9,83243.70000000001,867.1,250
1144,568,create,5,450,15,140,140,99.6,98.1,0,75.9,83243.70000000001,867.1,250
1145,568,drop,-,450,15,140,140,98.1,98.1,0,75.8,83243.70000000001,867.1,250
1146,569,create,9,451,10,16,16,99.1,98.1,0,75.8,83243.70000000001,867.1,250
1147,569,deploy,4,451,10,16,16,99.1,99.1,0,75.8,83726.29999999999,863.2,251
1148,570,remove,11,150,5,250,0,98.6,98.6,0,75.8,83587.09999999999,870.7,251
1149,572,remove,4,227,5,168,0,98.1,98.1,0,75.8,83242.9,876.2,250
1150,572,remove,11,331,8,88,0,97.3,97.3,0,75.8,83020.29999999999,883.2,250
1151,572,create,9,452,9,16,16,98.2,97.3,0,75.8,83020.29999999999,883.2,250
1152,572,deploy,11,452,9,16,16,98.2,98.2,0,75.9,83270.79999999999,876.5,250
1153,573,create,7,453,8,62,62,99.0,98.2,0,75.9,83270.79999999999,876.5,250
1154,573,drop,-,453,8,62,62,98.2,98.2,0,75.7,83270.79999999999,876.5,250
1155,574,remove,4,73,17,364,0,96.5,96.5,0,75.7,82190.9,874.4,247
1156,574,create,9,454,14,140,140,97.9,96.5,0,75.7,82190.9,874.4,247
1157,574,deploy,4,454,14,140,140,97.9,97.9,0,75.8,83193.4,875.7,250
1158,575,remove,1,425,11,25,0,96.8,96.8,0,75.8,82598.0,878.7,249
1159,576,create,5,455,19,167,167,98.7,96.8,0,75.8,82598.0,878.7,249
1160,576,drop,-,455,19,167,167,96.8,96.8,0,75.6,82598.0,878.7,249
1161,577,remove,1,111,18,309,0,95.0,95.0,0,75.6,80902.70000000001,869.9,244
1162,577,create,9,456,9,265,265,95.9,95.0,0,75.6,80902.70000000001,869.9,244
1163,577,deploy,4,456,9,265,265,95.9,95.9,0,75.7,81359.29999999999,865.5,245
1164,578,create,5,457,4,49,49,96.3,95.9,0,75.7,81359.29999999999,865.5,245
1165,578,deploy,1,457,4,49,49,96.3,96.3,0,75.7,81675.6,859.7,246
1166,579,remove,11,253,15,154,0,94.8,94.8,0,75.7,80599.5,857.4,243
1167,579,remove,4,350,4,84,0,94.4,94.4,0,75.7,80489.9,865.5,243
1168,579,create,5,458,18,25,25,96.2,94.4,0,75.7,80489.9,865.5,243
1169,579,deploy,1,458,18,25,25,96.2,96.2,0,75.8,81814.0,870.4,246
1170,580,remove,6,139,5,283,0,95.7,95.7,0,75.8,81469.3,876.0,245
1171,580,create,10,459,9,10,10,96.6,95.7,0,75.8,81469.3,876.0,245
1172,580,deploy,11,459,9,10,10,96.6,96.6,0,75.8,81925.4,871.5,246
1173,581,create,7,460,17,85,85,98.3,96.6,0,75.8,81925.4,871.5,246
1174,581,drop,-,460,17,85,85,96.6,96.6,0,75.7,81925.4,871.5,246
1175,582,remove,6,217,15,183,0,95.1,95.1,0,75.7,81180.20000000001,872.9,245
1176,582,remove,6,294,7,121,0,94.4,94.4,0,75.7,80985.0,880.3,245
1177,582,create,9,461,13,68,68,95.7,94.4,0,75.7,80985.0,880.3,245
1178,582,create,5,462,15,3,3,97.2,94.4,0,75.7,80985.0,880.3,245
1179,582,create,5,463,6,84,84,97.8,94.4,0,75.7,80985.0,880.3,245
1180,582,deploy,6,461,13,68,68,97.8,95.7,0,75.7,81344.0,874.7,245
1181,582,drop,-,462,15,3,3,96.3,95.7,0,75.5,81344.0,874.7,245
1182,582,deploy,6,463,6,84,84,96.3,96.3,0,75.6,81716.20000000001,869.3,246
1183,583,remove,1,299,4,118,0,95.9,95.9,0,75.6,81399.8,875.3,245
1184,583,create,10,464,17,9,9,97.6,95.9,0,75.6,81399.8,875.3,245
1185,583,create,5,465,15,79,79,99.1,95.9,0,75.6,81399.8,875.3,245
1186,583,drop,-,464,17,9,9,97.4,95.9,0,75.4,81399.8,875.3,245
1187,583,deploy,1,465,15,79,79,97.4,97.4,0,75.5,82677.6,879.5,249
1188,584,create,7,466,9,264,264,98.3,97.4,0,75.5,82677.6,879.5,249
1189,584,create,10,467,12,132,132,99.5,97.4,0,75.5,82677.6,879.5,249
1190,584,create,7,468,10,153,153,100.5,97.4,0,75.5,82677.6,879.5,249
1191,584,create,10,469,11,234,234,101.6,97.4,0,75.5,82677.6,879.5,249
1192,584,deploy,11,466,9,264,264,101.6,98.3,0,75.5,83381.1,877.7,251
1193,584,drop,-,467,12,132,132,100.4,98.3,0,75.4,83381.1,877.7,251
1194,584,drop,-,468,10,153,153,99.4,98.3,0,75.2,83381.1,877.7,251
1195,584,drop,-,469,11,234,234,98.3,98.3,0,75.1,83381.1,877.7,251
1196,585,remove,4,451,10,16,0,97.3,97.3,0,75.1,83103.20000000001,884.1,251
1197,585,create,7,470,9,100,100,98.2,97.3,0,75.1,83103.20000000001,884.1,251
1198,585,deploy,4,470,9,100,100,98.2,98.2,0,75.1,83348.79999999999,877.4,251
1199,586,remove,6,440,11,25,0,97.1,97.1,0,75.1,82588.7,878.6,249
1200,587,remove,6,420,7,38,0,96.4,96.4,0,75.1,82392.9,885.9,249
1201,587,create,9,471,17,271,271,98.1,96.4,0,75.1,82392.9,885.9,249
1202,587,create,7,472,12,30,30,99.3,96.4,0,75.1,82392.9,885.9,249
1203,587,create,7,473,15,222,222,100.8,96.4,0,75.1,82392.9,885.9,249
1204,587,deploy,6,471,17,271,271,100.8,98.1,0,75.2,83360.7,886.8,251
1205,587,create,7,474,9,170,170,101.7,98.1,0,75.2,83360.7,886.8,251
1206,587,drop,-,472,12,30,30,100.5,98.1,0,75.0,83360.7,886.8,251
1207,587,drop,-,473,15,222,222,99.0,98.1,0,74.8,83360.7,886.8,251
1208,587,deploy,6,474,9,170,170,99.0,99.0,0,74.9,83902.7,883.2,252
1209,588,remove,11,452,9,16,0,98.1,98.1,0,74.9,83652.29999999999,889.9,252
1210,588,create,9,475,7,21,21,98.8,98.1,0,74.9,83652.29999999999,889.9,252
1211,588,create,9,476,10,144,144,99.8,98.1,0,74.9,83652.29999999999,889.9,252
1212,588,deploy,11,475,7,21,21,99.8,98.8,0,74.9,83847.1,882.6,252
1213,588,drop,-,476,10,144,144,98.8,98.8,0,74.8,83847.1,882.6,252
1214,589,remove,6,381,9,66,0,97.9,97.9,0,74.8,83390.2,887.1,251
1215,589,remove,4,437,8,30,0,97.1,97.1,0,74.8,82756.4,889.9,249
1216,589,create,5,477,18,190,190,98.9,97.1,0,74.8,82756.4,889.9,249
1217,589,create,5,478,14,183,183,100.3,97.1,0,74.8,82756.4,889.9,249
1218,589,drop,-,477,18,190,190,98.5,97.1,0,74.6,82756.4,889.9,249
1219,589,deploy,4,478,14,183,183,98.5,98.5,0,74.7,83556.3,888.9,251
1220,590,remove,4,434,7,35,0,97.8,97.8,0,74.7,83155.9,894.1,250
1221,590,remove,11,459,9,10,0,96.9,96.9,0,74.7,82904.9,901.1,250
1222,591,create,9,479,10,150,150,97.9,96.9,0,74.7,82904.9,901.1,250
1223,591,deploy,11,479,10,150,150,97.9,97.9,0,74.7,83183.3,894.4,250
1224,592,create,9,480,6,38,38,98.5,97.9,0,74.7,83183.3,894.4,250
1225,592,deploy,4,480,6,38,38,98.5,98.5,0,74.8,83555.4,888.9,251
1226,593,create,5,481,4,82,82,98.9,98.5,0,74.8,83555.4,888.9,251
1227,593,create,9,482,19,240,240,100.8,98.5,0,74.8,83555.4,888.9,251
1228,593,create,9,483,8,14,14,101.6,98.5,0,74.8,83555.4,888.9,251
1229,593,deploy,6,481,4,82,82,101.6,98.9,0,74.8,83871.70000000001,882.9,252
1230,593,drop,-,482,19,240,240,99.7,98.9,0,74.7,83871.70000000001,882.9,252
1231,593,drop,-,483,8,14,14,98.9,98.9,0,74.5,83871.70000000001,882.9,252
1232,595,remove,6,230,11,190,0,97.8,97.8,0,74.5,83566.9,889.0,252
1233,595,create,10,484,18,69,69,99.6,97.8,0,74.5,83566.9,889.0,252
1234,595,create,7,485,4,51,51,100.0,97.8,0,74.5,83566.9,889.0,252
1235,595,drop,-,484,18,69,69,98.2,97.8,0,74.4,83566.9,889.0,252
1236,595,deploy,6,485,4,51,51,98.2,98.2,0,74.4,83678.3,880.8,252
1237,596,remove,11,307,11,126,0,97.1,97.1,0,74.4,83124.6,884.3,251
1238,597,remove,6,99,9,349,0,96.2,96.2,0,74.4,82669.6,888.9,250
1239,597,remove,4,372,8,81,0,95.4,95.4,0,74.4,82446.9,896.2,250
1240,597,create,7,486,14,106,106,96.8,95.4,0,74.4,82446.9,896.2,250
1241,597,deploy,6,486,14,106,106,96.8,96.8,0,74.5,82839.1,890.7,250
1242,599,remove,11,196,20,224,0,94.8,94.8,0,74.5,81667.1,887.7,247
1243,599,create,9,487,8,260,260,95.6,94.8,0,74.5,81667.1,887.7,247
1244,599,create,10,488,16,89,89,97.2,94.8,0,74.5,81667.1,887.7,247
1245,599,create,7,489,20,280,280,99.2,94.8,0,74.5,81667.1,887.7,247
1246,599,create,10,490,7,116,116,99.9,94.8,0,74.5,81667.1,887.7,247
1247,599,deploy,4,487,8,260,260,99.9,95.6,0,74.5,81888.5,880.5,247
1248,599,deploy,11,488,16,89,89,99.9,97.2,0,74.6,82538.4,878.1,248
1249,599,drop,-,489,20,280,280,97.9,97.2,0,74.4,82538.4,878.1,248
1250,599,deploy,11,490,7,116,116,97.9,97.9,0,74.5,82938.8,873.0,249
